"","X488.37","X5000","X5000.1","X5000.2","X5000.3","X5000.4","X5000.5","X5000.6","X5000.7","X5000.8","X5000.9","X5000.10","X5000.11","X5000.12","X5000.13","X5000.14","X5000.15","X5000.16","X5000.17","X5000.18","X5000.19","X5000.20","X5000.21","X5000.22","X5000.23","X5000.24","X5000.25","X5000.26","X5000.27","X5000.28","X5000.29","X5000.30","X5000.31","X5000.32","X5000.33","X5000.34","X5000.35","X5000.36","X5000.37"
"1",5000,5000,5000,5000,5000,5000,5000,5000,5000,5000,5000,5000,5000,5000,5000,5000,5000,5000,5000,5000,5000,5000,5000,5000,5000,5000,5000,5000,5000,5000,5000,5000,5000,5000,5000,5000,5000,5000,5000
"2",5000,5000,5000,5000,5000,5000,5000,5000,5000,5000,5000,5000,5000,5000,5000,5000,5000,5000,5000,5000,5000,5000,5000,5000,5000,5000,5000,5000,5000,5000,5000,5000,5000,5000,5000,5000,5000,5000,5000
"3",5000,5000,5000,5000,5000,5000,5000,5000,5000,5000,5000,5000,5000,5000,5000,5000,5000,5000,5000,5000,5000,5000,5000,5000,5000,5000,5000,5000,5000,5000,5000,5000,5000,5000,5000,5000,5000,5000,1.76
"4",5000,5000,5000,5000,5000,5000,5000,5000,5000,5000,5000,5000,5000,5000,5000,5000,5000,5000,5000,5000,5000,5000,5000,5000,5000,5000,5000,5000,5000,5000,5000,5000,5000,5000,5000,5000,5000,5000,0.01
"5",5000,5000,5000,5000,5000,5000,5000,5000,5000,5000,5000,5000,5000,5000,5000,5000,5000,5000,5000,5000,5000,5000,5000,5000,5000,5000,5000,5000,5000,5000,5000,5000,5000,5000,5000,5000,5000,5000,43.31
"6",5000,5000,5000,5000,5000,5000,5000,5000,5000,5000,5000,5000,5000,5000,5000,5000,5000,5000,5000,5000,5000,5000,5000,5000,5000,5000,5000,5000,83.93,5000,5000,5000,5000,5000,5000,5000,5000,5000,0.04
"7",5000,5000,5000,5000,5000,5000,5000,5000,5000,5000,5000,5000,5000,5000,5000,5000,5000,5000,5000,5000,5000,5000,5000,5000,5000,5000,5000,5000,5000,5000,5000,5000,5000,5000,5000,5000,5000,5000,0.14
"8",5000,5000,5000,5000,5000,5000,5000,5000,5000,5000,5000,5000,5000,5000,5000,5000,5000,5000,5000,5000,5000,5000,5000,5000,5000,5000,5000,5000,5000,5000,5000,5000,5000,5000,5000,5000,5000,5000,0.03
"9",5000,5000,5000,5000,5000,5000,5000,5000,5000,5000,5000,5000,5000,5000,5000,5000,5000,5000,5000,5000,5000,5000,5000,5000,5000,5000,5000,5000,107.79,5000,5000,5000,5000,5000,5000,5000,5000,5000,0.01
"10",5000,5000,5000,5000,5000,5000,5000,5000,5000,5000,5000,5000,5000,5000,5000,5000,5000,5000,5000,5000,5000,5000,5000,5000,5000,5000,5000,5000,5000,5000,5000,5000,5000,5000,5000,5000,5000,5000,379.2
"11",5000,5000,5000,5000,5000,5000,5000,5000,5000,5000,5000,5000,5000,5000,5000,5000,5000,5000,5000,5000,5000,5000,5000,5000,5000,5000,5000,5000,5000,5000,5000,5000,5000,5000,5000,5000,5000,5000,0.91
"12",5000,5000,5000,5000,5000,5000,5000,5000,5000,5000,5000,5000,5000,5000,5000,5000,5000,5000,5000,5000,5000,5000,5000,5000,5000,5000,286.27,5000,5000,5000,5000,5000,5000,5000,5000,5000,5000,5000,1.36
"13",5000,5000,5000,5000,5000,5000,5000,5000,5000,5000,5000,5000,5000,5000,5000,5000,5000,5000,5000,5000,5000,5000,5000,5000,5000,5000,5000,5000,5000,5000,5000,5000,5000,5000,5000,5000,5000,5000,0.03
"14",5000,5000,5000,5000,5000,5000,5000,5000,5000,5000,5000,5000,5000,5000,5000,5000,5000,5000,5000,5000,5000,5000,5000,5000,5000,5000,5000,5000,5000,5000,5000,5000,32.18,5000,5000,5000,5000,5000,0.07
"15",5000,5000,5000,5000,5000,5000,5000,5000,5000,5000,5000,5000,5000,5000,5000,5000,5000,5000,5000,5000,5000,5000,5000,5000,5000,5000,5000,5000,5000,5000,5000,5000,5000,5000,5000,5000,5000,5000,0
"16",5000,5000,5000,5000,5000,5000,5000,5000,5000,5000,5000,5000,5000,5000,5000,5000,5000,5000,5000,5000,5000,5000,5000,5000,5000,5000,5000,5000,5000,5000,5000,5000,5000,5000,5000,5000,5000,5000,0.36
"17",5000,5000,5000,5000,5000,5000,5000,5000,5000,5000,5000,5000,5000,5000,5000,5000,5000,5000,5000,5000,5000,5000,5000,5000,5000,488.84,5000,5000,5000,5000,5000,5000,5000,5000,5000,5000,5000,5000,0.26
"18",433.79,5000,5000,5000,5000,5000,151.16,5000,5000,5000,5000,5000,5000,5000,5000,5000,5000,5000,5000,5000,5000,5000,5000,5000,5000,5000,5000,5000,5000,5000,5000,5000,5000,5000,5000,5000,5000,5000,0.29
"19",5000,5000,5000,5000,5000,5000,5000,5000,5000,5000,5000,5000,5000,5000,5000,5000,5000,5000,5000,5000,5000,5000,5000,5000,5000,5000,452.74,5000,5000,5000,5000,192.55,5000,5000,5000,5000,5000,5000,0.42
"20",5000,5000,5000,5000,5000,5000,221.42,5000,5000,5000,5000,5000,5000,5000,5000,5000,5000,5000,5000,5000,5000,5000,5000,5000,5000,5000,5000,5000,5000,5000,5000,5000,5000,5000,5000,5000,5000,5000,0.33
"21",5000,5000,5000,5000,5000,5000,5000,5000,5000,5000,5000,5000,5000,5000,5000,5000,5000,5000,5000,5000,5000,5000,5000,5000,5000,5000,5000,5000,369.77,5000,5000,5000,5000,5000,5000,5000,5000,5000,0.66
"22",5000,5000,5000,5000,5000,5000,5000,5000,5000,5000,5000,5000,5000,5000,5000,5000,5000,5000,5000,5000,5000,5000,5000,5000,5000,5000,5000,5000,5000,5000,5000,5000,3.2,5000,5000,5000,5000,5000,3.78
"23",5000,5000,5000,5000,5000,5000,5000,5000,5000,5000,5000,5000,5000,5000,5000,5000,5000,5000,5000,5000,5000,5000,5000,5000,5000,5000,5000,5000,5000,5000,5000,5000,5000,5000,5000,5000,5000,5000,5000
"24",372.17,5000,5000,5000,5000,5000,222.52,5000,5000,5000,5000,5000,5000,5000,5000,5000,5000,5000,5000,5000,5000,5000,5000,5000,5000,400.84,419.36,5000,5000,5000,5000,281.94,5000,5000,5000,5000,5000,5000,5000
"25",5000,5000,5000,5000,5000,5000,5000,5000,5000,5000,5000,5000,5000,5000,5000,5000,5000,5000,5000,5000,5000,5000,5000,5000,5000,5000,5000,5000,5000,5000,5000,5000,5000,5000,5000,5000,5000,5000,5000
"26",5000,5000,5000,5000,5000,5000,5000,5000,5000,5000,5000,5000,5000,5000,5000,5000,5000,5000,5000,5000,5000,5000,5000,5000,5000,5000,5000,5000,5000,5000,5000,5000,5000,5000,5000,5000,5000,5000,5000
"27",5000,5000,5000,5000,5000,5000,5000,5000,5000,5000,5000,5000,5000,5000,5000,5000,5000,5000,5000,5000,5000,5000,5000,5000,5000,5000,5000,5000,5000,5000,5000,5000,5000,5000,5000,5000,5000,5000,5000
"28",5000,5000,5000,5000,5000,5000,5000,5000,5000,5000,5000,5000,5000,5000,5000,5000,5000,5000,5000,5000,5000,5000,5000,5000,5000,5000,5000,5000,5000,5000,5000,5000,5000,5000,5000,5000,5000,5000,5000
"29",5000,5000,5000,5000,5000,5000,5000,5000,5000,5000,5000,5000,5000,5000,5000,5000,5000,5000,5000,5000,5000,5000,5000,5000,5000,5000,5000,5000,5000,5000,5000,5000,5000,5000,5000,5000,5000,5000,5000
"30",5000,5000,5000,5000,5000,5000,5000,5000,5000,5000,5000,5000,5000,5000,5000,5000,5000,5000,5000,5000,5000,5000,5000,5000,5000,5000,5000,5000,5000,5000,5000,5000,5000,5000,5000,5000,5000,5000,5000
"31",5000,5000,5000,5000,5000,5000,5000,5000,5000,5000,5000,5000,5000,5000,5000,5000,5000,5000,5000,5000,5000,5000,5000,5000,5000,5000,5000,5000,5000,5000,5000,5000,5000,5000,5000,5000,5000,5000,5000
"32",5000,5000,5000,5000,5000,5000,5000,5000,5000,5000,5000,5000,5000,5000,5000,5000,5000,5000,5000,5000,5000,5000,5000,5000,5000,5000,5000,5000,5000,5000,5000,5000,5000,5000,5000,5000,5000,5000,5000
"33",5000,5000,5000,5000,5000,5000,5000,5000,5000,5000,5000,5000,5000,5000,5000,5000,5000,5000,5000,5000,5000,5000,5000,5000,5000,5000,5000,5000,5000,5000,5000,5000,5000,5000,5000,5000,5000,5000,5000
"34",5000,5000,5000,5000,5000,5000,5000,5000,5000,5000,5000,5000,5000,5000,5000,5000,5000,5000,5000,5000,5000,5000,5000,5000,5000,5000,5000,5000,5000,5000,5000,5000,5000,5000,5000,5000,5000,5000,5000
"35",5000,5000,5000,5000,5000,5000,5000,5000,5000,5000,5000,5000,5000,5000,5000,5000,5000,5000,5000,5000,5000,5000,5000,5000,5000,5000,5000,5000,5000,5000,5000,5000,5000,5000,5000,5000,5000,5000,5000
"36",440.93,5000,5000,5000,5000,5000,5000,5000,5000,5000,5000,5000,5000,5000,5000,5000,5000,5000,5000,5000,5000,5000,5000,5000,5000,5000,5000,5000,5000,5000,5000,5000,5000,5000,5000,5000,5000,5000,5000
"37",5000,5000,5000,5000,5000,5000,5000,5000,5000,5000,5000,5000,5000,5000,5000,5000,5000,5000,5000,5000,5000,5000,5000,5000,5000,5000,5000,5000,5000,5000,5000,5000,5000,5000,5000,5000,5000,5000,5000
"38",5000,5000,5000,5000,5000,5000,250.39,5000,5000,5000,5000,5000,5000,5000,5000,5000,5000,5000,5000,5000,5000,5000,5000,5000,244.09,316.21,241.54,5000,239.78,5000,5000,5000,242.26,5000,5000,5000,5000,5000,5000
"39",5000,5000,5000,5000,5000,5000,5000,5000,5000,5000,5000,5000,5000,5000,5000,5000,5000,5000,5000,5000,5000,5000,5000,5000,5000,5000,5000,5000,5000,5000,5000,5000,5000,5000,5000,5000,5000,5000,5000
"40",470.42,5000,5000,5000,5000,5000,5000,5000,5000,5000,5000,5000,5000,5000,5000,5000,5000,5000,5000,5000,5000,5000,5000,5000,5000,5000,5000,5000,5000,5000,5000,5000,5000,5000,5000,5000,5000,5000,5000
"41",5000,5000,5000,5000,5000,5000,5000,5000,5000,5000,5000,5000,5000,5000,5000,5000,5000,5000,5000,5000,5000,5000,5000,5000,5000,5000,5000,5000,5000,5000,5000,5000,5000,5000,5000,5000,5000,5000,5000
"42",5000,5000,5000,5000,5000,5000,5000,5000,5000,5000,5000,5000,5000,5000,5000,5000,5000,5000,5000,5000,5000,5000,5000,5000,5000,5000,5000,5000,5000,5000,5000,5000,5000,5000,5000,5000,5000,5000,5000
"43",5000,5000,5000,5000,5000,5000,5000,5000,5000,5000,5000,5000,5000,5000,5000,5000,5000,5000,5000,5000,5000,5000,5000,5000,5000,5000,5000,5000,5000,5000,5000,5000,5000,5000,5000,5000,5000,5000,5000
"44",302.02,5000,5000,5000,5000,5000,5000,5000,5000,5000,5000,5000,5000,5000,5000,5000,5000,5000,5000,5000,5000,5000,5000,5000,5000,5000,5000,5000,5000,5000,5000,5000,5000,5000,5000,5000,5000,5000,5000
"45",5000,5000,5000,5000,5000,5000,5000,5000,5000,5000,5000,5000,5000,5000,5000,5000,5000,5000,5000,5000,5000,5000,5000,5000,5000,5000,5000,5000,5000,5000,5000,5000,5000,5000,5000,5000,5000,5000,5000
"46",5000,5000,5000,5000,5000,5000,128.14,5000,5000,5000,5000,5000,5000,5000,5000,5000,5000,5000,5000,5000,5000,5000,5000,5000,214.48,198.39,241.46,5000,216.07,446.58,5000,5000,181.38,5000,5000,5000,5000,5000,5000
"47",5000,5000,5000,5000,5000,5000,5000,5000,5000,5000,5000,5000,5000,5000,5000,5000,5000,5000,5000,5000,5000,5000,5000,5000,5000,5000,5000,5000,5000,5000,5000,5000,5000,5000,5000,5000,5000,5000,5000
"48",5000,5000,5000,5000,5000,5000,5000,5000,5000,5000,5000,5000,5000,5000,5000,5000,5000,5000,5000,5000,5000,5000,5000,5000,5000,5000,5000,5000,5000,5000,5000,5000,5000,5000,5000,5000,5000,5000,5000
"49",5000,5000,5000,5000,5000,5000,5000,5000,5000,5000,5000,5000,5000,5000,5000,5000,5000,5000,5000,5000,5000,5000,5000,5000,5000,5000,5000,5000,5000,5000,5000,5000,5000,5000,5000,5000,5000,5000,5000
"50",5000,5000,5000,5000,5000,5000,5000,5000,5000,5000,5000,5000,5000,5000,5000,5000,5000,5000,5000,5000,5000,5000,5000,5000,5000,5000,5000,5000,5000,5000,5000,5000,5000,5000,5000,5000,5000,5000,5000
"51",5000,5000,5000,5000,5000,5000,5000,5000,5000,5000,5000,5000,5000,5000,5000,5000,5000,5000,5000,5000,5000,5000,5000,5000,5000,5000,5000,5000,5000,5000,5000,5000,5000,5000,5000,5000,5000,5000,5000
"52",5000,5000,5000,5000,5000,5000,5000,5000,5000,5000,5000,5000,5000,5000,5000,5000,5000,5000,5000,5000,5000,5000,5000,5000,5000,5000,5000,5000,5000,5000,5000,5000,5000,5000,5000,5000,5000,5000,5000
"53",5000,5000,5000,5000,5000,5000,5000,5000,5000,5000,5000,5000,5000,5000,5000,5000,5000,5000,5000,5000,5000,5000,5000,5000,5000,5000,5000,5000,5000,5000,5000,5000,5000,5000,5000,5000,5000,5000,5000
"54",5000,5000,5000,5000,5000,5000,5000,5000,5000,5000,5000,5000,5000,5000,5000,5000,5000,5000,5000,5000,5000,5000,5000,5000,5000,5000,5000,5000,5000,5000,5000,5000,5000,5000,5000,5000,5000,5000,5000
"55",5000,5000,5000,5000,5000,5000,5000,5000,5000,5000,5000,5000,5000,5000,5000,5000,5000,5000,5000,5000,5000,5000,5000,5000,126.01,5000,5000,5000,5000,5000,5000,5000,5000,5000,5000,5000,5000,5000,5000
"56",5000,5000,5000,5000,5000,5000,5000,5000,5000,5000,5000,5000,5000,5000,5000,5000,5000,5000,5000,5000,5000,5000,5000,5000,5000,5000,5000,5000,131.14,5000,5000,5000,326.5,5000,5000,5000,5000,5000,5000
"57",5000,5000,5000,5000,5000,5000,396.57,5000,5000,5000,5000,5000,5000,5000,5000,5000,5000,5000,5000,5000,5000,5000,5000,5000,132.39,192.56,5000,5000,5000,5000,5000,5000,5000,5000,5000,5000,5000,5000,5000
"58",449.04,5000,5000,5000,5000,5000,329.91,5000,5000,5000,5000,5000,5000,5000,5000,5000,5000,5000,5000,5000,5000,5000,5000,5000,248.4,317.48,379.37,5000,5000,194.11,5000,5000,5000,5000,5000,5000,5000,5000,5000
"59",5000,5000,5000,5000,5000,5000,323.96,5000,5000,5000,5000,5000,5000,5000,5000,5000,5000,5000,5000,5000,5000,5000,5000,5000,346.59,271.04,308.2,5000,342.93,5000,5000,386.18,362.94,5000,144.86,5000,5000,5000,5000
"60",5000,5000,5000,5000,5000,5000,5000,5000,5000,5000,5000,5000,5000,5000,5000,5000,5000,5000,5000,5000,5000,5000,5000,5000,5000,5000,5000,5000,5000,5000,5000,5000,5000,5000,5000,5000,5000,5000,5000
"61",5000,5000,5000,5000,5000,5000,5000,5000,5000,5000,5000,5000,5000,5000,5000,5000,5000,5000,5000,5000,5000,5000,5000,5000,5000,5000,5000,5000,5000,5000,5000,5000,5000,5000,5000,5000,5000,5000,5000
"62",5000,5000,5000,5000,5000,5000,5000,5000,5000,5000,5000,5000,5000,5000,5000,5000,5000,5000,5000,5000,5000,5000,5000,5000,5000,5000,5000,5000,5000,5000,5000,5000,5000,5000,5000,5000,5000,5000,5000
"63",5000,5000,5000,5000,5000,5000,261.8,5000,5000,5000,5000,5000,5000,5000,5000,5000,5000,5000,5000,5000,5000,5000,5000,5000,5000,416.26,5000,5000,315.14,490.77,5000,5000,5000,5000,5000,5000,5000,5000,5000
"64",89.44,5000,5000,5000,5000,5000,281.95,5000,5000,5000,5000,5000,5000,5000,5000,5000,5000,5000,5000,5000,5000,5000,5000,5000,434.87,197.85,157.15,5000,101.4,5000,5000,469.72,193.17,5000,5000,5000,5000,5000,5000
"65",5000,5000,5000,5000,5000,5000,217.29,5000,5000,5000,5000,5000,5000,5000,5000,5000,5000,5000,5000,5000,5000,5000,5000,5000,79.65,5000,163.73,5000,5000,150.18,5000,244.65,5000,5000,5000,5000,5000,5000,5000
"66",5000,5000,5000,5000,5000,5000,5000,5000,5000,5000,5000,5000,5000,5000,5000,5000,5000,5000,5000,5000,5000,5000,5000,5000,5000,5000,5000,5000,5000,5000,5000,5000,5000,5000,5000,5000,5000,5000,5000
"67",5000,5000,5000,5000,5000,5000,5000,5000,5000,5000,5000,5000,5000,5000,5000,5000,5000,5000,5000,5000,5000,5000,5000,5000,5000,5000,5000,5000,5000,5000,5000,5000,5000,5000,5000,5000,5000,5000,5000
"68",320.79,5000,5000,5000,5000,5000,5000,5000,5000,5000,5000,5000,5000,5000,5000,5000,5000,5000,5000,5000,5000,5000,5000,5000,5000,5000,5000,5000,480.64,5000,5000,5000,5000,5000,5000,5000,5000,5000,5000
"69",5000,5000,5000,5000,5000,5000,5000,5000,5000,5000,5000,5000,5000,5000,5000,5000,5000,5000,5000,5000,5000,5000,5000,5000,495.44,245.38,430.91,5000,5000,5000,5000,5000,475.31,5000,5000,5000,5000,5000,5000
"70",5000,5000,5000,5000,5000,5000,5000,5000,5000,5000,5000,5000,5000,5000,5000,5000,5000,5000,5000,5000,5000,5000,5000,5000,5000,353.18,178.61,5000,5000,5000,5000,278.61,5000,5000,5000,5000,5000,5000,5000
"71",56.31,5000,5000,5000,5000,5000,86.6,5000,5000,5000,5000,5000,5000,5000,5000,5000,5000,5000,5000,5000,5000,5000,5000,5000,83.69,89.18,89.89,5000,95,76.95,5000,96.15,89.61,5000,5000,5000,5000,5000,5000
"72",5000,5000,5000,5000,5000,5000,5000,5000,5000,5000,5000,5000,5000,5000,5000,5000,5000,5000,5000,5000,5000,5000,5000,5000,5000,5000,5000,5000,5000,5000,5000,5000,5000,5000,5000,5000,5000,5000,5000
"73",5000,5000,5000,5000,5000,5000,5000,5000,5000,5000,5000,5000,5000,5000,5000,5000,5000,5000,5000,5000,5000,5000,5000,5000,5000,5000,5000,5000,5000,439.04,5000,5000,5000,5000,356.86,5000,5000,5000,5000
"74",5000,5000,5000,5000,5000,5000,5000,5000,5000,5000,5000,5000,5000,5000,5000,5000,5000,5000,5000,5000,5000,5000,5000,5000,5000,5000,5000,5000,5000,5000,5000,5000,5000,5000,5000,5000,5000,5000,5000
"75",1.62,5000,5000,5000,5000,5000,4.21,5000,5000,5000,5000,5000,5000,5000,5000,5000,5000,5000,5000,5000,5000,5000,5000,5000,5.03,44.61,43.13,5000,3.88,46.32,5000,5.52,30.31,5000,33.63,5000,5000,5000,5000
"76",0.41,5000,5000,5000,5000,5000,10.54,5000,5000,5000,5000,5000,5000,5000,5000,5000,5000,5000,5000,5000,5000,5000,5000,5000,5.49,31.34,30.7,5000,4.91,23.88,5000,12.79,36.71,5000,145.92,5000,5000,5000,5000
"77",35.46,5000,5000,5000,5000,5000,28.38,5000,5000,5000,5000,5000,5000,5000,5000,5000,5000,5000,5000,5000,5000,5000,5000,5000,34.48,24.46,29.88,5000,30.72,280.42,5000,51.3,14.31,5000,54.63,5000,5000,5000,5000
"78",5000,5000,5000,5000,5000,5000,5000,5000,5000,5000,5000,5000,5000,5000,5000,5000,5000,5000,5000,5000,5000,5000,5000,5000,5000,5000,5000,5000,5000,5000,5000,5000,5000,5000,82.14,5000,5000,5000,5000
"79",5000,5000,5000,5000,5000,5000,5000,5000,5000,5000,5000,5000,5000,5000,5000,5000,5000,5000,5000,5000,5000,5000,5000,5000,5000,5000,5000,5000,5000,5000,5000,5000,5000,5000,8.1,5000,5000,5000,5000
"80",5000,5000,5000,5000,5000,5000,5000,5000,5000,5000,5000,5000,5000,5000,5000,5000,5000,5000,5000,5000,5000,5000,5000,5000,5000,284.48,5000,5000,5000,5000,5000,5000,5000,5000,53,5000,5000,5000,5000
"81",5000,5000,5000,5000,5000,5000,5000,5000,5000,5000,5000,5000,5000,5000,5000,5000,5000,5000,5000,5000,5000,5000,5000,5000,5000,5000,5000,5000,5000,5000,5000,5000,5000,5000,5000,5000,5000,5000,5000
"82",5000,5000,5000,5000,5000,5000,5000,5000,5000,5000,5000,5000,5000,5000,5000,5000,5000,5000,5000,5000,5000,5000,5000,5000,5000,5000,5000,5000,5000,5000,5000,404.31,5000,5000,223.57,5000,5000,5000,5000
"83",17.33,5000,5000,5000,5000,5000,35.57,5000,5000,5000,5000,5000,5000,5000,5000,5000,5000,5000,5000,5000,5000,5000,5000,5000,34.56,42.84,42.65,5000,36.57,57.49,5000,40.34,39.58,5000,75.53,5000,5000,5000,5000
"84",5000,5000,5000,5000,5000,5000,5000,5000,5000,5000,5000,5000,5000,5000,5000,5000,5000,5000,5000,5000,5000,5000,5000,5000,5000,5000,5000,5000,5000,5000,5000,5000,5000,5000,5000,5000,5000,5000,5000
"85",5000,5000,5000,5000,5000,5000,5000,5000,5000,5000,5000,5000,5000,5000,5000,5000,5000,5000,5000,5000,5000,5000,5000,5000,5000,5000,5000,5000,5000,5000,5000,5000,5000,5000,5000,5000,5000,5000,5000
"86",5000,5000,5000,5000,5000,5000,5000,5000,5000,5000,5000,5000,5000,5000,5000,5000,5000,5000,5000,5000,5000,5000,5000,5000,5000,5000,5000,5000,5000,5000,5000,5000,5000,5000,5000,5000,5000,5000,5000
"87",5000,5000,5000,5000,5000,5000,5000,5000,5000,5000,5000,5000,5000,5000,5000,5000,5000,5000,5000,5000,5000,5000,5000,5000,5000,5000,5000,5000,5000,5000,5000,5000,5000,5000,5000,5000,5000,5000,5000
"88",5000,5000,5000,5000,5000,5000,77.23,5000,5000,5000,5000,5000,5000,5000,5000,5000,5000,5000,5000,5000,5000,5000,5000,5000,5000,5000,5000,5000,5000,5000,5000,5000,5000,5000,5000,5000,5000,5000,5000
"89",5000,5000,5000,5000,5000,5000,70.78,5000,5000,5000,5000,5000,5000,5000,5000,5000,5000,5000,5000,5000,5000,5000,5000,5000,157.99,59.24,115.03,5000,177.24,5000,5000,437.92,141.71,5000,5000,5000,5000,5000,5000
"90",5000,5000,5000,5000,5000,5000,223.5,5000,5000,5000,5000,5000,5000,5000,5000,5000,5000,5000,5000,5000,5000,5000,5000,5000,93.29,105.08,120.82,5000,5000,5000,5000,216.52,91.83,5000,5000,5000,5000,5000,5000
"91",46.91,5000,5000,5000,5000,5000,7.34,5000,5000,5000,5000,5000,5000,5000,5000,5000,5000,5000,5000,5000,5000,5000,5000,5000,9.32,13.94,13.65,5000,8.58,58.2,5000,12.55,7.05,5000,237.64,5000,5000,5000,5000
"92",1.32,5000,5000,5000,5000,5000,24.05,5000,5000,5000,5000,5000,5000,5000,5000,5000,5000,5000,5000,5000,5000,5000,5000,5000,76.54,51.18,107.51,5000,0.35,0.43,5000,0.37,49.26,5000,1.33,5000,5000,5000,5000
"93",98.32,5000,5000,5000,5000,5000,5000,5000,5000,5000,5000,5000,5000,5000,5000,5000,5000,5000,5000,5000,5000,5000,5000,5000,249.03,347.24,240.03,5000,128.81,5000,5000,101.97,5000,5000,5000,5000,5000,5000,5000
"94",0.65,5000,5000,5000,5000,5000,247.21,5000,5000,5000,5000,5000,5000,5000,5000,5000,5000,5000,5000,5000,5000,5000,5000,5000,123.81,72.34,49.54,5000,5000,5000,5000,482.88,173.37,5000,5000,5000,5000,5000,5000
"95",153.88,5000,5000,5000,5000,5000,5000,5000,5000,5000,5000,5000,5000,5000,5000,5000,5000,5000,5000,5000,5000,5000,5000,5000,5000,5000,243.67,5000,164.73,5000,5000,5000,5000,5000,5000,5000,5000,5000,5000
"96",1.8,5000,5000,5000,5000,5000,61.48,5000,5000,5000,5000,5000,5000,5000,5000,5000,5000,5000,5000,5000,5000,5000,5000,5000,0.64,331.03,185.17,5000,199.02,494.41,5000,244.58,207.99,5000,1.28,5000,5000,5000,5000
"97",109.72,5000,5000,5000,5000,5000,5000,5000,5000,5000,5000,5000,5000,5000,5000,5000,5000,5000,5000,5000,5000,5000,5000,5000,142.25,150.37,146,5000,140.11,5000,5000,108.07,167.3,5000,5000,5000,5000,5000,5000
"98",0.5,5000,5000,5000,5000,5000,18.23,5000,5000,5000,5000,5000,5000,5000,5000,5000,5000,5000,5000,5000,5000,5000,5000,5000,18.96,32.54,31.97,5000,16.95,94.8,5000,31.82,21.2,5000,1.52,5000,5000,5000,5000
"99",67.28,5000,5000,5000,5000,5000,10.16,5000,5000,5000,5000,5000,5000,5000,5000,5000,5000,5000,5000,5000,5000,5000,5000,5000,16.78,20.57,15.35,5000,9,10.85,5000,5.6,11.05,5000,329.87,5000,5000,5000,5000
"100",8.82,5000,5000,5000,5000,5000,7.94,5000,5000,5000,5000,5000,5000,5000,5000,5000,5000,5000,5000,5000,5000,5000,5000,5000,10.14,21.07,13.62,5000,9.52,78.88,5000,12.76,9.83,5000,227.59,5000,5000,5000,5000
"101",96.44,5000,5000,5000,5000,5000,65.53,5000,5000,5000,5000,5000,5000,5000,5000,5000,5000,5000,5000,5000,5000,5000,5000,5000,29.34,32.48,53.12,5000,66.55,267.59,5000,36.51,30.52,5000,140.53,5000,5000,5000,5000
"102",5000,5000,5000,5000,5000,5000,5000,5000,5000,5000,5000,5000,5000,5000,5000,5000,5000,5000,5000,5000,5000,5000,5000,5000,229.74,383.7,5000,5000,117.76,5000,5000,5000,5000,5000,5000,5000,5000,5000,5000
"103",5000,5000,5000,5000,5000,5000,5000,5000,5000,5000,5000,5000,5000,5000,5000,5000,5000,5000,5000,5000,5000,5000,5000,5000,5000,110.52,122.6,5000,5000,2.55,5000,81.52,8.67,5000,5000,5000,5000,5000,5000
"104",5000,5000,5000,5000,5000,5000,5000,5000,5000,5000,5000,5000,5000,5000,5000,5000,5000,5000,5000,5000,5000,5000,5000,5000,5000,297.82,466.06,5000,5000,5000,5000,5000,5000,5000,5000,5000,5000,5000,5000
"105",133.86,5000,5000,5000,5000,5000,151.38,5000,5000,5000,5000,5000,5000,5000,5000,5000,5000,5000,5000,5000,5000,5000,5000,5000,81.63,90.06,90.56,5000,122.79,395.9,5000,114.64,78.79,5000,7.17,5000,5000,5000,5000
"106",5000,5000,5000,5000,5000,5000,5000,5000,5000,5000,5000,5000,5000,5000,5000,5000,5000,5000,5000,5000,5000,5000,5000,5000,232.56,5000,311.89,5000,5000,5000,5000,5000,5000,5000,5000,5000,5000,5000,5000
"107",383.11,5000,5000,5000,5000,5000,263.02,5000,5000,5000,5000,5000,5000,5000,5000,5000,5000,5000,5000,5000,5000,5000,5000,5000,176.19,291.8,110.69,5000,268.45,5000,5000,5000,110.78,5000,5000,5000,5000,5000,5000
"108",5000,5000,5000,5000,5000,5000,5000,5000,5000,5000,5000,5000,5000,5000,5000,5000,5000,5000,5000,5000,5000,5000,5000,5000,5000,5000,5000,5000,5000,393.21,5000,5000,5000,5000,5000,5000,5000,5000,5.55
"109",5000,5000,5000,5000,5000,5000,5000,5000,5000,5000,5000,5000,5000,5000,5000,5000,5000,5000,5000,5000,5000,5000,5000,5000,5000,287.34,5000,5000,5000,5000,5000,5000,5000,5000,5000,5000,5000,5000,7.52
"110",5000,5000,5000,5000,5000,5000,235.24,5000,5000,5000,5000,5000,5000,5000,5000,5000,5000,5000,5000,5000,5000,5000,5000,5000,221.01,5000,106.46,5000,5000,5000,5000,5000,5000,5000,5000,5000,5000,5000,4.93
"111",5000,5000,5000,5000,5000,5000,5000,5000,5000,5000,5000,5000,5000,5000,5000,5000,5000,5000,5000,5000,5000,5000,5000,5000,5000,209.87,233.75,5000,5000,48.2,5000,5000,5000,5000,5000,5000,5000,5000,35.69
"112",5000,5000,5000,5000,5000,5000,5000,5000,5000,5000,5000,5000,5000,5000,5000,5000,5000,5000,5000,5000,5000,5000,5000,5000,5000,5000,5000,5000,5000,5000,5000,334.33,213.26,5000,5000,5000,5000,5000,1.53
"113",5000,5000,5000,5000,5000,5000,5000,5000,5000,5000,5000,5000,5000,5000,5000,5000,5000,5000,5000,5000,5000,5000,5000,5000,167.58,328.29,5000,5000,5000,128.13,5000,464.46,183.01,5000,5000,5000,5000,5000,21.92
"114",5000,5000,5000,5000,5000,5000,5000,5000,5000,5000,5000,5000,5000,5000,5000,5000,5000,5000,5000,5000,5000,5000,5000,5000,32.8,5000,5000,5000,5000,139.13,5000,191.37,133.68,5000,5000,5000,5000,5000,8.12
"115",388.91,5000,5000,5000,5000,5000,5000,5000,5000,5000,5000,5000,5000,5000,5000,5000,5000,5000,5000,5000,5000,5000,5000,5000,363.7,78.19,17.17,5000,230.99,5000,5000,17.15,5000,5000,136.35,5000,5000,5000,2.71
"116",385.58,5000,5000,5000,5000,5000,5000,5000,5000,5000,5000,5000,5000,5000,5000,5000,5000,5000,5000,5000,5000,5000,5000,5000,15.98,191.98,5000,5000,438.62,91.63,5000,16.6,47.12,5000,62.78,5000,5000,5000,15.17
"117",127.79,5000,5000,5000,5000,5000,5000,5000,5000,5000,5000,5000,5000,5000,5000,5000,5000,5000,5000,5000,5000,5000,5000,5000,268.44,418.46,5000,5000,35.1,91.64,5000,124.86,32.7,5000,5000,5000,5000,5000,7.42
"118",129.16,5000,5000,5000,5000,5000,5000,5000,5000,5000,5000,5000,5000,5000,5000,5000,5000,5000,5000,5000,5000,5000,5000,5000,5000,5000,39.53,5000,244.91,159.12,5000,73.58,89.58,5000,240.95,5000,5000,5000,2.75
"119",368.81,5000,5000,5000,5000,5000,123.6,5000,5000,5000,5000,5000,5000,5000,5000,5000,5000,5000,5000,5000,5000,5000,5000,5000,3.28,139.84,5000,5000,5000,15.99,5000,66.47,164.7,5000,297.56,5000,5000,5000,2.01
"120",5000,5000,5000,5000,5000,5000,5000,5000,5000,5000,5000,5000,5000,5000,5000,5000,5000,5000,5000,5000,5000,5000,5000,5000,5000,5000,165.33,5000,5000,5000,5000,5000,5000,5000,5000,5000,5000,5000,2.2
"121",5000,5000,5000,5000,5000,5000,5000,5000,5000,5000,5000,5000,5000,5000,5000,5000,5000,5000,5000,5000,5000,5000,5000,5000,5000,5000,5000,5000,5000,5000,5000,5000,5000,5000,5000,5000,5000,5000,5.13
"122",5000,5000,5000,5000,5000,5000,99.29,5000,5000,5000,5000,5000,5000,5000,5000,5000,5000,5000,5000,5000,5000,5000,5000,5000,5000,5000,5000,5000,5000,5000,5000,5000,5000,5000,5000,5000,5000,5000,1
"123",5000,5000,5000,5000,5000,5000,5000,5000,5000,5000,5000,5000,5000,5000,5000,5000,5000,5000,5000,5000,5000,5000,5000,5000,5000,5000,5000,5000,5000,5000,5000,5000,5000,5000,5000,5000,5000,5000,26.19
"124",5000,5000,5000,5000,5000,5000,158.43,5000,5000,5000,5000,5000,5000,5000,5000,5000,5000,5000,5000,5000,5000,5000,5000,5000,5000,326.59,5000,5000,5000,5000,5000,140.88,5000,5000,5000,5000,5000,5000,7.39
"125",5000,5000,5000,5000,5000,5000,5000,5000,5000,5000,5000,5000,5000,5000,5000,5000,5000,5000,5000,5000,5000,5000,5000,5000,302.29,106.79,5000,5000,5000,5000,5000,5000,49.89,5000,5000,5000,5000,5000,1.08
"126",5000,5000,5000,5000,5000,5000,5000,5000,5000,5000,5000,5000,5000,5000,5000,5000,5000,5000,5000,5000,5000,5000,5000,5000,5000,46.76,115.85,5000,5000,5000,5000,5000,5000,5000,5000,5000,5000,5000,9.31
"127",5000,5000,5000,5000,5000,5000,5000,5000,5000,5000,5000,5000,5000,5000,5000,5000,5000,5000,5000,5000,5000,5000,5000,5000,5000,370.65,5000,5000,5000,85.15,5000,5000,5000,5000,5000,5000,5000,5000,25.18
"128",5000,5000,5000,5000,5000,5000,5000,5000,5000,5000,5000,5000,5000,5000,5000,5000,5000,5000,5000,5000,5000,5000,5000,5000,5000,5000,5000,5000,5000,5000,5000,5000,5000,5000,5000,5000,5000,5000,5000
"129",5000,5000,5000,5000,5000,5000,5000,5000,5000,5000,5000,5000,5000,5000,5000,5000,5000,5000,5000,5000,5000,5000,5000,5000,5000,5000,5000,5000,5000,5000,5000,5000,5000,5000,5000,5000,5000,5000,5000
"130",5000,5000,5000,5000,5000,5000,5000,5000,5000,5000,5000,5000,5000,5000,5000,5000,5000,5000,5000,5000,5000,5000,5000,5000,5000,5000,5000,5000,329.69,5000,5000,5000,5000,5000,5000,5000,5000,5000,5000
"131",5000,5000,5000,5000,5000,5000,5000,5000,5000,5000,5000,5000,5000,5000,5000,5000,5000,5000,5000,5000,5000,5000,5000,5000,5000,5000,5000,5000,5000,5000,5000,5000,5000,5000,5000,5000,5000,5000,5000
"132",5000,5000,5000,5000,5000,5000,5000,5000,5000,5000,5000,5000,5000,5000,5000,5000,5000,5000,5000,5000,5000,5000,5000,5000,5000,5000,5000,5000,5000,5000,5000,5000,5000,5000,5000,5000,5000,5000,5000
"133",271.09,5000,5000,5000,5000,5000,78.45,5000,5000,5000,5000,5000,5000,5000,5000,5000,5000,5000,5000,5000,5000,5000,5000,5000,229.45,5000,374.71,5000,227.81,258.9,5000,286.39,180,5000,264.65,5000,5000,5000,5000
"134",5000,5000,5000,5000,5000,5000,5000,5000,5000,5000,5000,5000,5000,5000,5000,5000,5000,5000,5000,5000,5000,5000,5000,5000,318.45,5000,5000,5000,5000,5000,5000,5000,398.55,5000,5000,5000,5000,5000,5000
"135",5000,5000,5000,5000,5000,5000,5000,5000,5000,5000,5000,5000,5000,5000,5000,5000,5000,5000,5000,5000,5000,5000,5000,5000,5000,5000,5000,5000,5000,5000,5000,5000,5000,5000,5000,5000,5000,5000,5000
"136",5000,5000,5000,5000,5000,5000,5000,5000,5000,5000,5000,5000,5000,5000,5000,5000,5000,5000,5000,5000,5000,5000,5000,5000,5000,5000,5000,5000,5000,5000,5000,5000,5000,5000,5000,5000,5000,5000,5000
"137",5000,5000,5000,5000,5000,5000,5000,5000,5000,5000,5000,5000,5000,5000,5000,5000,5000,5000,5000,5000,5000,5000,5000,5000,5000,5000,5000,5000,5000,5000,5000,5000,5000,5000,5000,5000,5000,5000,5000
"138",125.34,5000,5000,5000,5000,5000,150.44,5000,5000,5000,5000,5000,5000,5000,5000,5000,5000,5000,5000,5000,5000,5000,5000,5000,140.77,199.3,176.29,5000,153.46,212.44,5000,208.83,173.4,5000,448.9,5000,5000,5000,5000
"139",157.76,5000,5000,5000,5000,5000,146.86,5000,5000,5000,5000,5000,5000,5000,5000,5000,5000,5000,5000,5000,5000,5000,5000,5000,137.99,150.03,152.98,5000,136.66,222.99,5000,193.88,155.44,5000,5000,5000,5000,5000,5000
"140",172.21,5000,5000,5000,5000,5000,171.66,5000,5000,5000,5000,5000,5000,5000,5000,5000,5000,5000,5000,5000,5000,5000,5000,5000,138.97,159.78,160.11,5000,150.76,214.89,5000,211.87,154.71,5000,5000,5000,5000,5000,5000
"141",113.98,5000,5000,5000,5000,5000,149.62,5000,5000,5000,5000,5000,5000,5000,5000,5000,5000,5000,5000,5000,5000,5000,5000,5000,145.84,168.6,169.15,5000,147.4,207.59,5000,202.88,153.7,5000,5000,5000,5000,5000,5000
"142",113.64,5000,5000,5000,5000,5000,172.67,5000,5000,5000,5000,5000,5000,5000,5000,5000,5000,5000,5000,5000,5000,5000,5000,5000,145.25,149.7,163.9,5000,151.21,210.31,5000,210.66,165.91,5000,5000,5000,5000,5000,5000
"143",266.87,5000,5000,5000,5000,5000,156.87,5000,5000,5000,5000,5000,5000,5000,5000,5000,5000,5000,5000,5000,5000,5000,5000,5000,147.55,167.1,166.36,5000,145.79,212.95,5000,213.57,163.5,5000,5000,5000,5000,5000,5000
"144",236.62,5000,5000,5000,5000,5000,159.63,5000,5000,5000,5000,5000,5000,5000,5000,5000,5000,5000,5000,5000,5000,5000,5000,5000,138.74,160.77,155.21,5000,154.21,207.42,5000,218.42,148.38,5000,351.06,5000,5000,5000,5000
"145",245.21,5000,5000,5000,5000,5000,5000,5000,5000,5000,5000,5000,5000,5000,5000,5000,5000,5000,5000,5000,5000,5000,5000,5000,5000,437.53,5000,5000,5000,5000,5000,5000,5000,5000,5000,5000,5000,5000,5000
"146",5000,5000,5000,5000,5000,5000,124.55,5000,5000,5000,5000,5000,5000,5000,5000,5000,5000,5000,5000,5000,5000,5000,5000,5000,176.49,168.96,154.74,5000,191.23,428.81,5000,5000,212.58,5000,5000,5000,5000,5000,5000
"147",5000,5000,5000,5000,5000,5000,5000,5000,5000,5000,5000,5000,5000,5000,5000,5000,5000,5000,5000,5000,5000,5000,5000,5000,5000,5000,5000,5000,5000,5000,5000,5000,5000,5000,5000,5000,5000,5000,5000
"148",5000,5000,5000,5000,5000,5000,5000,5000,5000,5000,5000,5000,5000,5000,5000,5000,5000,5000,5000,5000,5000,5000,5000,5000,5000,433.23,416.6,5000,5000,5000,5000,5000,5000,5000,5000,5000,5000,5000,5000
"149",5000,5000,5000,5000,5000,5000,5000,5000,5000,5000,5000,5000,5000,5000,5000,5000,5000,5000,5000,5000,5000,5000,5000,5000,5000,5000,5000,5000,5000,5000,5000,5000,5000,5000,5000,5000,5000,5000,5000
"150",5000,5000,5000,5000,5000,5000,5000,5000,5000,5000,5000,5000,5000,5000,5000,5000,5000,5000,5000,5000,5000,5000,5000,5000,5000,5000,5000,5000,5000,5000,5000,5000,5000,5000,5000,5000,5000,5000,5000
"151",232.04,5000,5000,5000,5000,5000,221.91,5000,5000,5000,5000,5000,5000,5000,5000,5000,5000,5000,5000,5000,5000,5000,5000,5000,205.01,297.26,213.58,5000,5000,5000,5000,5000,443.57,5000,294.26,5000,5000,5000,5000
"152",171.69,5000,5000,5000,5000,5000,197.88,5000,5000,5000,5000,5000,5000,5000,5000,5000,5000,5000,5000,5000,5000,5000,5000,5000,201.26,200.36,304.07,5000,301.27,317.89,5000,237.67,107.36,5000,214.44,5000,5000,5000,5000
"153",140.78,5000,5000,5000,5000,5000,52.77,5000,5000,5000,5000,5000,5000,5000,5000,5000,5000,5000,5000,5000,5000,5000,5000,5000,29.07,152.77,234.24,5000,92.34,12.02,5000,50.21,41.81,5000,42.17,5000,5000,5000,5000
"154",301.06,5000,5000,5000,5000,5000,5000,5000,5000,5000,5000,5000,5000,5000,5000,5000,5000,5000,5000,5000,5000,5000,5000,5000,246.16,320.74,338.47,5000,5000,5000,5000,5000,126.82,5000,294.37,5000,5000,5000,5000
"155",5000,5000,5000,5000,5000,5000,5000,5000,5000,5000,5000,5000,5000,5000,5000,5000,5000,5000,5000,5000,5000,5000,5000,5000,5000,5000,311.03,5000,5000,5000,5000,433.9,5000,5000,5000,5000,5000,5000,5000
"156",174.69,5000,5000,5000,5000,5000,211.93,5000,5000,5000,5000,5000,5000,5000,5000,5000,5000,5000,5000,5000,5000,5000,5000,5000,360.98,113.95,110.87,5000,227.97,408.04,5000,266.22,120.36,5000,215.11,5000,5000,5000,5000
"157",5000,5000,5000,5000,5000,5000,5000,5000,5000,5000,5000,5000,5000,5000,5000,5000,5000,5000,5000,5000,5000,5000,5000,5000,5000,308.39,264.59,5000,5000,5000,5000,455.38,5000,5000,5000,5000,5000,5000,5000
"158",270.88,5000,5000,5000,5000,5000,171.88,5000,5000,5000,5000,5000,5000,5000,5000,5000,5000,5000,5000,5000,5000,5000,5000,5000,180.14,244.63,259.2,5000,197.25,356.8,5000,177.97,172.34,5000,265.61,5000,5000,5000,5000
"159",398.75,5000,5000,5000,5000,5000,217.48,5000,5000,5000,5000,5000,5000,5000,5000,5000,5000,5000,5000,5000,5000,5000,5000,5000,224.95,243.33,240.47,5000,218.49,378.16,5000,213.71,207.42,5000,317.51,5000,5000,5000,5000
"160",357.45,5000,5000,5000,5000,5000,191.06,5000,5000,5000,5000,5000,5000,5000,5000,5000,5000,5000,5000,5000,5000,5000,5000,5000,212.61,227.21,237.42,5000,203.4,357.19,5000,200.04,164.72,5000,350.15,5000,5000,5000,5000
"161",287.78,5000,5000,5000,5000,5000,163.53,5000,5000,5000,5000,5000,5000,5000,5000,5000,5000,5000,5000,5000,5000,5000,5000,5000,183.79,209.38,206.52,5000,179.35,240.56,5000,121.22,140.36,5000,276.07,5000,5000,5000,5000
"162",5000,5000,5000,5000,5000,5000,5000,5000,5000,5000,5000,5000,5000,5000,5000,5000,5000,5000,5000,5000,5000,5000,5000,5000,5000,5000,5000,5000,5000,5000,5000,5000,5000,5000,5000,5000,5000,5000,5000
"163",5000,5000,5000,5000,5000,5000,5000,5000,5000,5000,5000,5000,5000,5000,5000,5000,5000,5000,5000,5000,5000,5000,5000,5000,5000,5000,5000,5000,5000,5000,5000,5000,5000,5000,5000,5000,5000,5000,5000
"164",5000,5000,5000,5000,5000,5000,5000,5000,5000,5000,5000,5000,5000,5000,5000,5000,5000,5000,5000,5000,5000,5000,5000,5000,5000,5000,5000,5000,5000,5000,5000,5000,5000,5000,5000,5000,5000,5000,5000
"165",386.7,5000,5000,5000,5000,5000,5000,5000,5000,5000,5000,5000,5000,5000,5000,5000,5000,5000,5000,5000,5000,5000,5000,5000,372.1,5000,5000,5000,80.24,162.28,5000,224.05,130.04,5000,220.32,5000,5000,5000,5000
"166",5000,5000,5000,5000,5000,5000,5000,5000,5000,5000,5000,5000,5000,5000,5000,5000,5000,5000,5000,5000,5000,5000,5000,5000,5000,5000,5000,5000,5000,5000,5000,5000,5000,5000,5000,5000,5000,5000,5000
"167",5000,5000,5000,5000,5000,5000,5000,5000,5000,5000,5000,5000,5000,5000,5000,5000,5000,5000,5000,5000,5000,5000,5000,5000,5000,5000,5000,5000,5000,5000,5000,5000,5000,5000,5000,5000,5000,5000,5000
"168",5000,5000,5000,5000,5000,5000,5000,5000,5000,5000,5000,5000,5000,5000,5000,5000,5000,5000,5000,5000,5000,5000,5000,5000,5000,5000,5000,5000,5000,5000,5000,5000,5000,5000,5000,5000,5000,5000,5000
"169",456.46,5000,5000,5000,5000,5000,5000,5000,5000,5000,5000,5000,5000,5000,5000,5000,5000,5000,5000,5000,5000,5000,5000,5000,5000,5000,5000,5000,5000,5000,5000,5000,5000,5000,5000,5000,5000,5000,5000
"170",324.85,5000,5000,5000,5000,5000,5000,5000,5000,5000,5000,5000,5000,5000,5000,5000,5000,5000,5000,5000,5000,5000,5000,5000,5000,467.4,227.76,5000,156.14,5000,5000,5000,5000,5000,5000,5000,5000,5000,5000
"171",5000,5000,5000,5000,5000,5000,5000,5000,5000,5000,5000,5000,5000,5000,5000,5000,5000,5000,5000,5000,5000,5000,5000,5000,5000,5000,5000,5000,5000,5000,5000,5000,5000,5000,5000,5000,5000,5000,5000
"172",5000,5000,5000,5000,5000,5000,5000,5000,5000,5000,5000,5000,5000,5000,5000,5000,5000,5000,5000,5000,5000,5000,5000,5000,5000,5000,5000,5000,5000,5000,5000,5000,5000,5000,5000,5000,5000,5000,5000
"173",5000,5000,5000,5000,5000,5000,5000,5000,5000,5000,5000,5000,5000,5000,5000,5000,5000,5000,5000,5000,5000,5000,5000,5000,5000,5000,5000,5000,5000,5000,5000,5000,5000,5000,5000,5000,5000,5000,5000
"174",5000,5000,5000,5000,5000,5000,224.75,5000,5000,5000,5000,5000,5000,5000,5000,5000,5000,5000,5000,5000,5000,5000,5000,5000,258.88,254.59,216.54,5000,192.08,191.81,5000,69.87,254.39,5000,5000,5000,5000,5000,5000
"175",5000,5000,5000,5000,5000,5000,5000,5000,5000,5000,5000,5000,5000,5000,5000,5000,5000,5000,5000,5000,5000,5000,5000,5000,5000,5000,5000,5000,5000,5000,5000,5000,5000,5000,5000,5000,5000,5000,5000
"176",5000,5000,5000,5000,5000,5000,5000,5000,5000,5000,5000,5000,5000,5000,5000,5000,5000,5000,5000,5000,5000,5000,5000,5000,5000,5000,5000,5000,5000,5000,5000,5000,5000,5000,5000,5000,5000,5000,5000
"177",53.16,5000,5000,5000,5000,5000,219.91,5000,5000,5000,5000,5000,5000,5000,5000,5000,5000,5000,5000,5000,5000,5000,5000,5000,135.31,5000,354.68,5000,234.53,362.04,5000,241.73,5000,5000,5000,5000,5000,5000,5000
"178",5000,5000,5000,5000,5000,5000,5000,5000,5000,5000,5000,5000,5000,5000,5000,5000,5000,5000,5000,5000,5000,5000,5000,5000,5000,5000,5000,5000,5000,5000,5000,5000,5000,5000,5000,5000,5000,5000,5000
"179",5000,5000,5000,5000,5000,5000,5000,5000,5000,5000,5000,5000,5000,5000,5000,5000,5000,5000,5000,5000,5000,5000,5000,5000,5000,5000,5000,5000,5000,5000,5000,5000,5000,5000,5000,5000,5000,5000,5000
"180",5000,5000,5000,5000,5000,5000,5000,5000,5000,5000,5000,5000,5000,5000,5000,5000,5000,5000,5000,5000,5000,5000,5000,5000,5000,427.62,5000,5000,5000,5000,5000,5000,5000,5000,5000,5000,5000,5000,5000
"181",5000,5000,5000,5000,5000,5000,36.83,5000,5000,5000,5000,5000,5000,5000,5000,5000,5000,5000,5000,5000,5000,5000,5000,5000,5000,5000,248.2,5000,5000,354.58,5000,5000,5000,5000,5000,5000,5000,5000,5000
"182",5000,5000,5000,5000,5000,5000,324.42,5000,5000,5000,5000,5000,5000,5000,5000,5000,5000,5000,5000,5000,5000,5000,5000,5000,5000,5000,5000,5000,5000,5000,5000,5000,328.62,5000,5000,5000,5000,5000,5000
"183",5000,5000,5000,5000,5000,5000,5000,5000,5000,5000,5000,5000,5000,5000,5000,5000,5000,5000,5000,5000,5000,5000,5000,5000,5000,5000,5000,5000,5000,5000,5000,5000,5000,5000,5000,5000,5000,5000,5000
"184",310.09,5000,5000,5000,5000,5000,63.58,5000,5000,5000,5000,5000,5000,5000,5000,5000,5000,5000,5000,5000,5000,5000,5000,5000,117.61,41.08,109.5,5000,51.01,422.11,5000,5000,165.21,5000,5000,5000,5000,5000,5000
"185",5000,5000,5000,5000,5000,5000,5000,5000,5000,5000,5000,5000,5000,5000,5000,5000,5000,5000,5000,5000,5000,5000,5000,5000,5000,351.24,319.7,5000,398.89,75.53,5000,5000,91.44,5000,5000,5000,5000,5000,5000
"186",5000,5000,5000,5000,5000,5000,5000,5000,5000,5000,5000,5000,5000,5000,5000,5000,5000,5000,5000,5000,5000,5000,5000,5000,5000,5000,5000,5000,5000,5000,5000,5000,5000,5000,5000,5000,5000,5000,5000
"187",276.6,5000,5000,5000,5000,5000,5000,5000,5000,5000,5000,5000,5000,5000,5000,5000,5000,5000,5000,5000,5000,5000,5000,5000,100.21,95.56,184.38,5000,88.46,320.12,5000,5000,162.35,5000,430.03,5000,5000,5000,5000
"188",5000,5000,5000,5000,5000,5000,5000,5000,5000,5000,5000,5000,5000,5000,5000,5000,5000,5000,5000,5000,5000,5000,5000,5000,5000,435.81,5000,5000,5000,5000,5000,5000,5000,5000,5000,5000,5000,5000,5000
"189",5000,5000,5000,5000,5000,5000,5000,5000,5000,5000,5000,5000,5000,5000,5000,5000,5000,5000,5000,5000,5000,5000,5000,5000,5000,5000,5000,5000,5000,5000,5000,5000,439.13,5000,5000,5000,5000,5000,5000
"190",5000,5000,5000,5000,5000,5000,5000,5000,5000,5000,5000,5000,5000,5000,5000,5000,5000,5000,5000,5000,5000,5000,5000,5000,410.74,5000,5000,5000,398.26,343.47,5000,349.46,349.3,5000,392.19,5000,5000,5000,5000
"191",37.98,5000,5000,5000,5000,5000,36.4,5000,5000,5000,5000,5000,5000,5000,5000,5000,5000,5000,5000,5000,5000,5000,5000,5000,58.81,48.4,92.1,5000,76.35,118.87,5000,103.76,16,5000,21.36,5000,5000,5000,214.46
"192",20.13,5000,5000,5000,5000,5000,19.21,5000,5000,5000,5000,5000,5000,5000,5000,5000,5000,5000,5000,5000,5000,5000,5000,5000,9.45,41.39,95.03,5000,72.32,99.8,5000,41.23,67.57,5000,19.25,5000,5000,5000,5000
"193",5000,5000,5000,5000,5000,5000,5000,5000,5000,5000,5000,5000,5000,5000,5000,5000,5000,5000,5000,5000,5000,5000,5000,5000,5000,5000,5000,5000,5000,5000,5000,5000,5000,5000,7.38,5000,5000,5000,5000
"194",5000,5000,5000,5000,5000,5000,5000,5000,5000,5000,5000,5000,5000,5000,5000,5000,5000,5000,5000,5000,5000,5000,5000,5000,5000,247.66,5000,5000,5000,5000,5000,5000,5000,5000,5000,5000,5000,5000,5000
"195",5000,5000,5000,5000,5000,5000,98.28,5000,5000,5000,5000,5000,5000,5000,5000,5000,5000,5000,5000,5000,5000,5000,5000,5000,111.99,5000,166.63,5000,27.31,141.66,5000,185.52,198.08,5000,8.5,5000,5000,5000,5000
"196",5000,5000,5000,5000,5000,5000,5000,5000,5000,5000,5000,5000,5000,5000,5000,5000,5000,5000,5000,5000,5000,5000,5000,5000,5000,5000,5000,5000,5000,5000,5000,5000,5000,5000,5000,5000,5000,5000,5000
"197",5000,5000,5000,5000,5000,5000,5000,5000,5000,5000,5000,5000,5000,5000,5000,5000,5000,5000,5000,5000,5000,5000,5000,5000,5000,5000,5000,5000,5000,5000,5000,5000,5000,5000,5000,5000,5000,5000,5000
"198",5000,5000,5000,5000,5000,5000,5000,5000,5000,5000,5000,5000,5000,5000,5000,5000,5000,5000,5000,5000,5000,5000,5000,5000,5000,5000,5000,5000,5000,5000,5000,5000,5000,5000,5000,5000,5000,5000,5000
"199",5000,5000,5000,5000,5000,5000,5000,5000,5000,5000,5000,5000,5000,5000,5000,5000,5000,5000,5000,5000,5000,5000,5000,5000,5000,5000,5000,5000,5000,5000,5000,5000,5000,5000,5000,5000,5000,5000,5000
"200",5000,5000,5000,5000,5000,5000,5000,5000,5000,5000,5000,5000,5000,5000,5000,5000,5000,5000,5000,5000,5000,5000,5000,5000,5000,5000,5000,5000,5000,5000,5000,5000,5000,5000,5000,5000,5000,5000,5000
"201",5000,5000,5000,5000,5000,5000,5000,5000,5000,5000,5000,5000,5000,5000,5000,5000,5000,5000,5000,5000,5000,5000,5000,5000,5000,5000,5000,5000,5000,5000,5000,5000,5000,5000,5000,5000,5000,5000,5000
"202",5000,5000,5000,5000,5000,5000,5000,5000,5000,5000,5000,5000,5000,5000,5000,5000,5000,5000,5000,5000,5000,5000,5000,5000,5000,5000,5000,5000,5000,5000,5000,5000,5000,5000,5000,5000,5000,5000,5000
"203",5000,5000,5000,5000,5000,5000,5000,5000,5000,5000,5000,5000,5000,5000,5000,5000,5000,5000,5000,5000,5000,5000,5000,5000,5000,5000,5000,5000,5000,5000,5000,5000,5000,5000,5000,5000,5000,5000,5000
"204",65.13,5000,5000,5000,5000,5000,35.51,5000,5000,5000,5000,5000,5000,5000,5000,5000,5000,5000,5000,5000,5000,5000,5000,5000,49.17,54.34,50.65,5000,51.06,98.6,5000,90.66,58.26,5000,5000,5000,5000,5000,5000
"205",59.06,5000,5000,5000,5000,5000,30.52,5000,5000,5000,5000,5000,5000,5000,5000,5000,5000,5000,5000,5000,5000,5000,5000,5000,44.64,46.73,44.65,5000,52.71,90.47,5000,79.66,45.34,5000,307.54,5000,5000,5000,5000
"206",80.84,5000,5000,5000,5000,5000,53.54,5000,5000,5000,5000,5000,5000,5000,5000,5000,5000,5000,5000,5000,5000,5000,5000,5000,69.94,80.37,75.58,5000,79.81,177.17,5000,146.86,71.79,5000,5000,5000,5000,5000,5000
"207",127.91,5000,5000,5000,5000,5000,91.11,5000,5000,5000,5000,5000,5000,5000,5000,5000,5000,5000,5000,5000,5000,5000,5000,5000,98.88,107.62,124.09,5000,98.55,203.02,5000,178.89,109.88,5000,5000,5000,5000,5000,5000
"208",163.64,5000,5000,5000,5000,5000,117.64,5000,5000,5000,5000,5000,5000,5000,5000,5000,5000,5000,5000,5000,5000,5000,5000,5000,155.88,139.92,157.93,5000,142.16,373.33,5000,358.15,145.66,5000,5000,5000,5000,5000,5000
"209",207.53,5000,5000,5000,5000,5000,126.12,5000,5000,5000,5000,5000,5000,5000,5000,5000,5000,5000,5000,5000,5000,5000,5000,5000,158.68,196.25,152.86,5000,164.74,485.21,5000,344.47,142.34,5000,5000,5000,5000,5000,5000
"210",130.67,5000,5000,5000,5000,5000,59.18,5000,5000,5000,5000,5000,5000,5000,5000,5000,5000,5000,5000,5000,5000,5000,5000,5000,73.84,64.13,62.89,5000,54.27,130.66,5000,120.54,66.45,5000,5000,5000,5000,5000,5000
"211",174.56,5000,5000,5000,5000,5000,51.53,5000,5000,5000,5000,5000,5000,5000,5000,5000,5000,5000,5000,5000,5000,5000,5000,5000,57.88,71.1,66.19,5000,69.28,125.39,5000,127.54,70.38,5000,5000,5000,5000,5000,5000
"212",461.04,5000,5000,5000,5000,5000,92.06,5000,5000,5000,5000,5000,5000,5000,5000,5000,5000,5000,5000,5000,5000,5000,5000,5000,116.94,98.55,129.07,5000,121.88,276.93,5000,182.84,145.45,5000,5000,5000,5000,5000,5000
"213",5000,5000,5000,5000,5000,5000,5000,5000,5000,5000,5000,5000,5000,5000,5000,5000,5000,5000,5000,5000,5000,5000,5000,5000,5000,5000,5000,5000,5000,5000,5000,5000,5000,5000,5000,5000,5000,5000,5000
"214",5000,5000,5000,5000,5000,5000,5000,5000,5000,5000,5000,5000,5000,5000,5000,5000,5000,5000,5000,5000,5000,5000,5000,5000,5000,5000,5000,5000,5000,5000,5000,5000,5000,5000,5000,5000,5000,5000,5000
"215",53.06,5000,5000,5000,5000,5000,38.27,5000,5000,5000,5000,5000,5000,5000,5000,5000,5000,5000,5000,5000,5000,5000,5000,5000,58.73,64.9,59.68,5000,108.92,461.99,5000,194.64,59.34,5000,0.03,5000,5000,5000,5000
"216",230.56,5000,5000,5000,5000,5000,183.24,5000,5000,5000,5000,5000,5000,5000,5000,5000,5000,5000,5000,5000,5000,5000,5000,5000,5000,279.48,221.86,5000,5000,5000,5000,5000,93.79,5000,399.68,5000,5000,5000,5000
"217",5000,5000,5000,5000,5000,5000,339.22,5000,5000,5000,5000,5000,5000,5000,5000,5000,5000,5000,5000,5000,5000,5000,5000,5000,381.9,89.06,332.52,5000,154.81,69.17,5000,5000,362.43,5000,38.22,5000,5000,5000,5000
"218",91.77,5000,5000,5000,5000,5000,184.96,5000,5000,5000,5000,5000,5000,5000,5000,5000,5000,5000,5000,5000,5000,5000,5000,5000,83.25,139.61,283.34,5000,341.36,5000,5000,98.81,186.07,5000,5000,5000,5000,5000,5000
"219",5000,5000,5000,5000,5000,5000,5000,5000,5000,5000,5000,5000,5000,5000,5000,5000,5000,5000,5000,5000,5000,5000,5000,5000,5000,5000,5000,5000,5000,5000,5000,5000,5000,5000,0.37,5000,5000,5000,5000
"220",5000,5000,5000,5000,5000,5000,5000,5000,5000,5000,5000,5000,5000,5000,5000,5000,5000,5000,5000,5000,5000,5000,5000,5000,5000,5000,5000,5000,5000,5000,5000,5000,5000,5000,0.35,5000,5000,5000,5000
"221",5000,5000,5000,5000,5000,5000,5000,5000,5000,5000,5000,5000,5000,5000,5000,5000,5000,5000,5000,5000,5000,5000,5000,5000,5000,5000,5000,5000,5000,5000,5000,5000,5000,5000,0.4,5000,5000,5000,5000
"222",5000,5000,5000,5000,5000,5000,5000,5000,5000,5000,5000,5000,5000,5000,5000,5000,5000,5000,5000,5000,5000,5000,5000,5000,5000,5000,5000,5000,5000,5000,5000,5000,5000,5000,5000,5000,5000,5000,5000
"223",5000,5000,5000,5000,5000,5000,5000,5000,5000,5000,5000,5000,5000,5000,5000,5000,5000,5000,5000,5000,5000,5000,5000,5000,5000,5000,5000,5000,5000,5000,5000,5000,5000,5000,5000,5000,5000,5000,5000
"224",5000,5000,5000,5000,5000,5000,5000,5000,5000,5000,5000,5000,5000,5000,5000,5000,5000,5000,5000,5000,5000,5000,5000,5000,5000,5000,5000,5000,5000,5000,5000,5000,5000,5000,5000,5000,5000,5000,5000
"225",17.51,5000,5000,5000,5000,5000,20.92,5000,5000,5000,5000,5000,5000,5000,5000,5000,5000,5000,5000,5000,5000,5000,5000,5000,51.79,2.77,2.45,5000,132.59,55.31,5000,52.49,2.23,5000,124.2,5000,5000,5000,0.12
"226",5000,5000,5000,5000,5000,5000,5000,5000,5000,5000,5000,5000,5000,5000,5000,5000,5000,5000,5000,5000,5000,5000,5000,5000,5000,18.24,18.43,5000,5000,5000,5000,5000,5000,5000,5.97,5000,5000,5000,5000
"227",5000,5000,5000,5000,5000,5000,5000,5000,5000,5000,5000,5000,5000,5000,5000,5000,5000,5000,5000,5000,5000,5000,5000,5000,5000,5000,5000,5000,5000,5000,5000,5000,5000,5000,3.87,5000,5000,5000,5000
"228",5000,5000,5000,5000,5000,5000,5000,5000,5000,5000,5000,5000,5000,5000,5000,5000,5000,5000,5000,5000,5000,5000,5000,5000,5000,5000,5000,5000,5000,121.53,5000,25.36,5000,5000,192.03,5000,5000,5000,5000
"229",5000,5000,5000,5000,5000,5000,5000,5000,5000,5000,5000,5000,5000,5000,5000,5000,5000,5000,5000,5000,5000,5000,5000,5000,5000,5000,5000,5000,42.34,162.24,5000,307.28,24.49,5000,5000,5000,5000,5000,5000
"230",179.08,5000,5000,5000,5000,5000,79,5000,5000,5000,5000,5000,5000,5000,5000,5000,5000,5000,5000,0,5000,5000,5000,5000,128.64,116.21,116.11,5000,103.04,157.87,5000,224.98,66.03,5000,5000,5000,5000,5000,5000
"231",5000,5000,5000,5000,5000,5000,5000,5000,5000,5000,5000,5000,5000,5000,5000,5000,5000,5000,5000,0,5000,5000,5000,5000,5000,5000,436.41,5000,5000,5000,5000,5000,5000,5000,5000,5000,5000,5000,5000
"232",5000,5000,5000,5000,5000,5000,5000,5000,5000,5000,5000,5000,5000,5000,5000,5000,5000,5000,5000,0,5000,5000,5000,5000,5000,5000,5000,5000,5000,5000,5000,5000,5000,5000,5000,5000,5000,5000,5000
"233",5000,5000,5000,5000,5000,5000,5000,5000,5000,5000,5000,5000,5000,5000,5000,5000,5000,5000,5000,0,5000,5000,5000,5000,5000,5000,5000,5000,5000,5000,5000,5000,5000,5000,5000,5000,5000,5000,5000
"234",5000,5000,5000,5000,5000,5000,5000,5000,5000,5000,5000,5000,5000,5000,5000,5000,5000,5000,5000,0,5000,5000,5000,5000,5000,5000,5000,5000,5000,5000,5000,5000,5000,5000,5000,5000,5000,5000,5000
"235",5000,5000,5000,5000,5000,5000,5000,5000,5000,5000,5000,5000,5000,5000,5000,5000,5000,5000,5000,0,5000,5000,5000,5000,5000,5000,5000,5000,5000,5000,5000,5000,5000,5000,5000,5000,5000,5000,5000
"236",5000,5000,5000,5000,5000,5000,14.54,5000,5000,5000,5000,5000,5000,5000,5000,5000,5000,5000,5000,5000,5000,5000,5000,5000,45.37,275.2,275.76,5000,102.82,76.48,5000,175.06,68.01,5000,8.08,5000,5000,5000,5000
"237",5000,5000,5000,5000,5000,5000,5000,5000,5000,5000,5000,5000,5000,5000,5000,5000,5000,5000,5000,5000,5000,5000,5000,5000,5000,5000,5000,5000,5000,5000,5000,5000,5000,5000,5000,5000,5000,5000,5000
"238",5000,5000,5000,5000,5000,5000,5000,5000,5000,5000,5000,5000,5000,5000,5000,5000,5000,5000,5000,5000,5000,5000,5000,5000,5000,5000,5000,5000,5000,5000,5000,5000,5000,5000,5000,5000,5000,5000,34.3
"239",5000,5000,5000,5000,5000,5000,5000,5000,5000,5000,5000,5000,5000,5000,5000,5000,5000,5000,5000,5000,5000,5000,5000,5000,5000,5000,5000,5000,5000,5000,5000,5000,5000,5000,5000,5000,5000,5000,5000
"240",5000,5000,5000,5000,5000,5000,5000,5000,5000,5000,5000,5000,5000,5000,5000,5000,5000,5000,5000,5000,5000,5000,5000,5000,5000,5000,5000,5000,5000,5000,5000,5000,5000,5000,5000,5000,5000,5000,5000
"241",5000,5000,5000,5000,5000,5000,5000,5000,5000,5000,5000,5000,5000,5000,5000,5000,5000,5000,5000,5000,5000,5000,5000,5000,5000,5000,5000,5000,5000,5000,5000,5000,5000,5000,5000,5000,5000,5000,5000
"242",112.92,5000,5000,5000,5000,5000,160.58,5000,5000,5000,5000,5000,5000,5000,5000,5000,5000,5000,5000,5000,5000,5000,5000,5000,195.99,415.33,394.91,5000,422.61,418.33,5000,327.97,324.69,5000,5000,5000,5000,5000,5000
"243",316.27,5000,5000,5000,5000,5000,188.2,5000,5000,5000,5000,5000,5000,5000,5000,5000,5000,5000,5000,5000,5000,5000,5000,5000,249.06,299.14,298.23,5000,280.1,367.83,5000,380.53,320.15,5000,5000,5000,5000,5000,5000
"244",336.82,5000,5000,5000,5000,5000,5000,5000,5000,5000,5000,5000,5000,5000,5000,5000,5000,5000,5000,5000,5000,5000,5000,5000,5000,5000,5000,5000,5000,5000,5000,5000,5000,5000,5000,5000,5000,5000,5000
"245",311.1,5000,5000,5000,5000,5000,5000,5000,5000,5000,5000,5000,5000,5000,5000,5000,5000,5000,5000,5000,5000,5000,5000,5000,5000,5000,5000,5000,5000,5000,5000,5000,5000,5000,5000,5000,5000,5000,5000
"246",484.51,5000,5000,5000,5000,5000,5000,5000,5000,5000,5000,5000,5000,5000,5000,5000,5000,5000,5000,5000,5000,5000,5000,5000,5000,5000,5000,5000,5000,5000,5000,5000,5000,5000,5000,5000,5000,5000,5000
"247",5000,5000,5000,5000,5000,5000,5000,5000,5000,5000,5000,5000,5000,5000,5000,5000,5000,5000,5000,5000,5000,5000,5000,5000,5000,5000,5000,5000,5000,5000,5000,5000,5000,5000,5000,5000,5000,5000,5000
"248",5000,5000,5000,5000,5000,5000,5000,5000,5000,5000,5000,5000,5000,5000,5000,5000,5000,5000,5000,5000,5000,5000,5000,5000,5000,5000,5000,5000,5000,5000,5000,5000,5000,5000,5000,5000,5000,5000,5000
"249",5000,5000,5000,5000,5000,5000,5000,5000,5000,5000,5000,5000,5000,5000,5000,5000,5000,5000,5000,5000,5000,5000,5000,5000,5000,5000,5000,5000,5000,5000,5000,5000,5000,5000,5000,5000,5000,5000,5000
"250",5000,5000,5000,5000,5000,5000,5000,5000,5000,5000,5000,5000,5000,5000,5000,5000,5000,5000,5000,5000,5000,5000,5000,5000,5000,5000,5000,5000,5000,5000,5000,5000,5000,5000,5000,5000,5000,5000,5000
"251",5000,5000,5000,5000,5000,5000,5000,5000,5000,5000,5000,5000,5000,5000,5000,5000,5000,5000,5000,5000,5000,5000,5000,5000,5000,5000,5000,5000,5000,5000,5000,5000,5000,5000,5000,5000,5000,5000,7.4
"252",1.01,5000,5000,5000,5000,5000,5000,5000,5000,5000,5000,5000,5000,5000,5000,5000,5000,5000,5000,5000,5000,5000,5000,5000,5000,5000,5000,5000,5000,5000,5000,5000,5000,5000,5000,5000,5000,5000,25.28
"253",1.03,5000,5000,5000,5000,5000,5000,5000,5000,5000,5000,5000,5000,5000,5000,5000,5000,5000,5000,5000,5000,5000,5000,5000,5000,5000,5000,5000,5000,5000,5000,5000,5000,5000,5000,5000,5000,5000,2.1
"254",1.02,5000,5000,5000,5000,5000,5000,5000,5000,5000,5000,5000,5000,5000,5000,5000,5000,5000,5000,5000,5000,5000,5000,5000,5000,5000,5000,5000,5000,5000,5000,5000,5000,5000,5000,5000,5000,5000,72.85
"255",5000,5000,5000,5000,5000,5000,316.98,5000,5000,5000,5000,5000,5000,5000,5000,5000,5000,5000,5000,5000,5000,5000,5000,5000,230.7,5000,5000,5000,303.8,136.83,5000,97.32,275.24,5000,90.19,5000,5000,5000,5000
"256",5000,5000,5000,5000,5000,5000,272.99,5000,5000,5000,5000,5000,5000,5000,5000,5000,5000,5000,5000,5000,5000,5000,5000,5000,242.18,136.79,159.78,5000,260.02,147.62,5000,111.39,268.95,5000,17.51,5000,5000,5000,5000
"257",45.85,5000,5000,5000,5000,5000,260.69,5000,5000,5000,5000,5000,5000,5000,5000,5000,5000,5000,5000,5000,5000,5000,5000,5000,20.59,18.45,25.94,5000,24.9,6.12,5000,19.19,22.9,5000,21.74,5000,5000,5000,5000
"258",5000,5000,5000,5000,5000,5000,5000,5000,5000,5000,5000,5000,5000,5000,5000,5000,5000,5000,5000,5000,5000,5000,5000,5000,5000,5000,5000,5000,5000,5000,5000,5000,5000,5000,5000,5000,5000,5000,5000
"259",60,5000,5000,5000,5000,5000,204.44,5000,5000,5000,5000,5000,5000,5000,5000,5000,5000,5000,5000,5000,5000,5000,5000,5000,207.56,266.1,255.9,5000,200.19,267.85,5000,280.08,289.47,5000,192.93,5000,5000,5000,5000
"260",338.24,5000,5000,5000,5000,5000,5000,5000,5000,5000,5000,5000,5000,5000,5000,5000,5000,5000,5000,5000,5000,5000,5000,5000,5000,483.02,486.48,5000,5000,5000,5000,5000,5000,5000,5000,5000,5000,5000,5000
"261",458.22,5000,5000,5000,5000,5000,5000,5000,5000,5000,5000,5000,5000,5000,5000,5000,5000,5000,5000,5000,5000,5000,5000,5000,5000,5000,5000,5000,5000,5000,5000,5000,5000,5000,404.74,5000,5000,5000,5000
"262",15.86,5000,5000,5000,5000,5000,12.48,5000,5000,5000,5000,5000,5000,5000,5000,5000,5000,5000,5000,5000,5000,5000,5000,5000,14.35,27.92,28.16,5000,7.99,30,5000,24.81,17.5,5000,37.81,5000,5000,5000,5000
"263",89.29,5000,5000,5000,5000,5000,96.42,5000,5000,5000,5000,5000,5000,5000,5000,5000,5000,5000,5000,5000,5000,5000,5000,5000,74.79,77.1,75.04,5000,75.6,100.71,5000,129.41,78.43,5000,96.6,5000,5000,5000,5000
"264",163.35,5000,5000,5000,5000,5000,119.71,5000,5000,5000,5000,5000,5000,5000,5000,5000,5000,5000,5000,5000,5000,5000,5000,5000,92.76,102.6,99.18,5000,92.45,154.02,5000,170.51,99.06,5000,128.92,5000,5000,5000,5000
"265",5000,5000,5000,5000,5000,5000,322.67,5000,5000,5000,5000,5000,5000,5000,5000,5000,5000,5000,5000,5000,5000,5000,5000,5000,357.98,439.62,441.92,5000,357.74,142.04,5000,245.83,352.58,5000,87.17,5000,5000,5000,5000
"266",5000,5000,5000,5000,5000,5000,447.45,5000,5000,5000,5000,5000,5000,5000,5000,5000,5000,5000,5000,5000,5000,5000,5000,5000,5000,462.63,465.81,5000,5000,268.85,5000,388.16,335.33,5000,379.04,5000,5000,5000,5000
"267",150.11,5000,5000,5000,5000,5000,62.7,5000,5000,5000,5000,5000,5000,5000,5000,5000,5000,5000,5000,5000,5000,5000,5000,5000,80.64,110.83,111.4,5000,115.82,91.87,5000,69.41,160.36,5000,67.17,5000,5000,5000,5000
"268",239.88,5000,5000,5000,5000,5000,34.23,5000,5000,5000,5000,5000,5000,5000,5000,5000,5000,5000,5000,5000,5000,5000,5000,5000,33.63,65.75,65.44,5000,34.32,34.92,5000,34.59,63.72,5000,79.73,5000,5000,5000,5000
"269",131.93,5000,5000,5000,5000,5000,48.08,5000,5000,5000,5000,5000,5000,5000,5000,5000,5000,5000,5000,5000,5000,5000,5000,5000,46.33,67.91,68.24,5000,47.13,48.09,5000,47.56,72.6,5000,68.51,5000,5000,5000,5000
"270",5000,5000,5000,5000,5000,5000,99.78,5000,5000,5000,5000,5000,5000,5000,5000,5000,5000,5000,5000,5000,5000,5000,5000,5000,109.63,149.79,149.36,5000,113.72,99.66,5000,112.52,145.59,5000,119.61,5000,5000,5000,5000
"271",5000,5000,5000,5000,5000,5000,56.99,5000,5000,5000,5000,5000,5000,5000,5000,5000,5000,5000,5000,5000,5000,5000,5000,5000,55.5,102.39,103.16,5000,57.44,59.3,5000,58.66,93.48,5000,65.33,5000,5000,5000,5000
"272",158.04,5000,5000,5000,5000,5000,70.3,5000,5000,5000,5000,5000,5000,5000,5000,5000,5000,5000,5000,5000,5000,5000,5000,5000,71.53,93.64,94.9,5000,79.46,57.43,5000,55.01,81.12,5000,67.81,5000,5000,5000,5000
"273",330.18,5000,5000,5000,5000,5000,139.23,5000,5000,5000,5000,5000,5000,5000,5000,5000,5000,5000,5000,5000,5000,5000,5000,5000,53.54,289.53,134.85,5000,33.02,15.71,5000,12.46,161.89,5000,331.06,5000,5000,5000,5000
"274",5000,5000,5000,5000,5000,5000,155.61,5000,5000,5000,5000,5000,5000,5000,5000,5000,5000,5000,5000,5000,5000,5000,5000,5000,156.77,209.49,243.19,5000,211.61,36.07,5000,43.54,177.36,5000,5000,5000,5000,5000,5000
"275",404.06,5000,5000,5000,5000,5000,5000,5000,5000,5000,5000,5000,5000,5000,5000,5000,5000,5000,5000,5000,5000,5000,5000,5000,5000,308.08,417.35,5000,5000,5000,5000,5000,462.06,5000,5000,5000,5000,5000,5000
"276",5000,5000,5000,5000,5000,5000,5000,5000,5000,5000,5000,5000,5000,5000,5000,5000,5000,5000,5000,5000,5000,5000,5000,5000,5000,5000,443.39,5000,5000,5000,5000,5000,5000,5000,5000,5000,5000,5000,5000
"277",5000,5000,5000,5000,5000,5000,5000,5000,5000,5000,5000,5000,5000,5000,5000,5000,5000,5000,5000,5000,5000,5000,5000,5000,5000,5000,5000,5000,5000,5000,5000,5000,5000,5000,5000,5000,5000,5000,5000
"278",5000,5000,5000,5000,5000,5000,5000,5000,5000,5000,5000,5000,5000,5000,5000,5000,5000,5000,5000,5000,5000,5000,5000,5000,5000,5000,5000,5000,5000,5000,5000,5000,5000,5000,5000,5000,5000,5000,5000
"279",221.5,5000,5000,5000,5000,5000,205.11,5000,5000,5000,5000,5000,5000,5000,5000,5000,5000,5000,5000,5000,5000,5000,5000,5000,210.14,148.4,215.02,5000,154.54,306.83,5000,173.45,5000,5000,5000,5000,5000,5000,5000
"280",5000,5000,5000,5000,5000,5000,5000,5000,5000,5000,5000,5000,5000,5000,5000,5000,5000,5000,5000,5000,5000,5000,5000,5000,5000,5000,5000,5000,5000,5000,5000,5000,5000,5000,5000,5000,5000,5000,5000
"281",1.4,5000,5000,5000,5000,5000,0.78,5000,5000,5000,5000,5000,5000,5000,5000,5000,5000,5000,5000,5000,5000,5000,5000,5000,2.92,2.45,4.59,5000,0.3,4.55,5000,8.46,2.17,5000,11.47,5000,5000,5000,0.78
"282",2.03,5000,5000,5000,5000,5000,2.45,5000,5000,5000,5000,5000,5000,5000,5000,5000,5000,5000,5000,5000,5000,5000,5000,5000,1.31,0.4,0.41,5000,2.62,136.2,5000,2.85,0.44,5000,100.54,5000,5000,5000,5000
"283",3.29,5000,5000,5000,5000,5000,2.59,5000,5000,5000,5000,5000,5000,5000,5000,5000,5000,5000,5000,5000,5000,5000,5000,5000,2.88,6.84,6.57,5000,2.95,5000,5000,9.69,6.86,5000,5000,5000,5000,5000,5000
"284",6.63,5000,5000,5000,5000,5000,291.39,5000,5000,5000,5000,5000,5000,5000,5000,5000,5000,5000,5000,5000,5000,5000,5000,5000,5000,5000,5000,5000,5000,5000,5000,5000,5000,5000,3.94,5000,5000,5000,5000
"285",5000,5000,5000,5000,5000,5000,330.04,5000,5000,5000,5000,5000,5000,5000,5000,5000,5000,5000,5000,5000,5000,5000,5000,5000,5000,5000,5000,5000,5000,5000,5000,5000,287.51,5000,43.28,5000,5000,5000,5000
"286",5000,5000,5000,5000,5000,5000,5000,5000,5000,5000,5000,5000,5000,5000,5000,5000,5000,5000,5000,5000,5000,5000,5000,5000,5000,17.3,25.63,5000,5000,5000,5000,5000,389.45,5000,3.84,5000,5000,5000,5000
"287",5000,5000,5000,5000,5000,5000,5000,5000,5000,5000,5000,5000,5000,5000,5000,5000,5000,5000,5000,5000,5000,5000,5000,5000,5000,6.62,6.73,5000,5000,5000,5000,5000,4.98,5000,3.82,5000,5000,5000,5000
"288",5000,5000,5000,5000,5000,5000,5000,5000,5000,5000,5000,5000,5000,5000,5000,5000,5000,5000,5000,5000,5000,5000,5000,5000,5000,5000,5000,5000,5000,5000,5000,5000,321.35,5000,3.9,5000,5000,5000,5000
"289",5000,5000,5000,5000,5000,5000,5000,5000,5000,5000,5000,5000,5000,5000,5000,5000,5000,5000,5000,5000,5000,5000,5000,5000,5000,5000,5000,5000,5000,5000,5000,5000,342.53,5000,3.84,5000,5000,5000,5000
"290",0.55,5000,5000,5000,5000,5000,302.89,5000,5000,5000,5000,5000,5000,5000,5000,5000,5000,5000,5000,5000,5000,5000,5000,5000,5000,1.97,1.97,5000,5000,5000,5000,5000,1.91,5000,4.05,5000,5000,5000,5000
"291",5000,5000,5000,5000,5000,5000,5000,5000,5000,5000,5000,5000,5000,5000,5000,5000,5000,5000,5000,5000,5000,5000,5000,5000,5000,16.47,16.3,5000,5000,5000,5000,5000,415.01,5000,3.8,5000,5000,5000,5000
"292",1.13,5000,5000,5000,5000,5000,270.83,5000,5000,5000,5000,5000,5000,5000,5000,5000,5000,5000,5000,5000,5000,5000,5000,5000,5000,2.28,2.27,5000,5000,5000,5000,5000,2.24,5000,3.95,5000,5000,5000,5000
"293",5000,5000,5000,5000,5000,5000,5000,5000,5000,5000,5000,5000,5000,5000,5000,5000,5000,5000,5000,5000,5000,5000,5000,5000,5000,5000,5000,5000,5000,5000,5000,5000,267.57,5000,3.83,5000,5000,5000,5000
"294",1.16,5000,5000,5000,5000,5000,315.09,5000,5000,5000,5000,5000,5000,5000,5000,5000,5000,5000,5000,5000,5000,5000,5000,5000,5000,2.48,2.49,5000,5000,5000,5000,5000,2.47,5000,3.95,5000,5000,5000,5000
"295",5000,5000,5000,5000,5000,5000,352.29,5000,5000,5000,5000,5000,5000,5000,5000,5000,5000,5000,5000,5000,5000,5000,5000,5000,5000,5000,5000,5000,5000,5000,5000,5000,470.38,5000,3.83,5000,5000,5000,5000
"296",5000,5000,5000,5000,5000,5000,257.46,5000,5000,5000,5000,5000,5000,5000,5000,5000,5000,5000,5000,5000,5000,5000,5000,5000,5000,17.14,19.56,5000,5000,5000,5000,5000,364.24,5000,3.85,5000,5000,5000,5000
"297",1.11,5000,5000,5000,5000,5000,270.31,5000,5000,5000,5000,5000,5000,5000,5000,5000,5000,5000,5000,5000,5000,5000,5000,5000,5000,2.75,2.78,5000,5000,5000,5000,5000,2.73,5000,4.7,5000,5000,5000,5000
"298",5000,5000,5000,5000,5000,5000,259.47,5000,5000,5000,5000,5000,5000,5000,5000,5000,5000,5000,5000,5000,5000,5000,5000,5000,5000,2.8,2.78,5000,5000,5000,5000,5000,2.7,5000,3.83,5000,5000,5000,5000
"299",5000,5000,5000,5000,5000,5000,5000,5000,5000,5000,5000,5000,5000,5000,5000,5000,5000,5000,5000,5000,5000,5000,5000,5000,5000,5000,5000,5000,5000,5000,5000,5000,5000,5000,3.89,5000,5000,5000,5000
"300",25.66,5000,5000,5000,5000,5000,5000,5000,5000,5000,5000,5000,5000,5000,5000,5000,5000,5000,5000,5000,5000,5000,5000,5000,5000,3.92,3.98,5000,5000,5000,5000,5000,3.89,5000,3.97,5000,5000,5000,5000
"301",5000,5000,5000,5000,5000,5000,5000,5000,5000,5000,5000,5000,5000,5000,5000,5000,5000,5000,5000,5000,5000,5000,5000,5000,5000,5000,5000,5000,5000,5000,5000,5000,5000,5000,0.33,5000,5000,5000,5000
"302",5000,5000,5000,5000,5000,5000,5000,5000,5000,5000,5000,5000,5000,5000,5000,5000,5000,5000,5000,5000,5000,5000,5000,5000,5000,5000,5000,5000,5000,5000,5000,5000,5000,5000,0.27,5000,5000,5000,5000
"303",131.92,5000,5000,5000,5000,5000,143.32,5000,5000,5000,5000,5000,5000,5000,5000,5000,5000,5000,5000,5000,5000,5000,5000,5000,151.88,156.08,156.27,5000,151.45,307.64,5000,305.78,149.53,5000,5000,5000,5000,5000,5000
"304",262.11,5000,5000,5000,5000,5000,406.4,5000,5000,5000,5000,5000,5000,5000,5000,5000,5000,5000,5000,5000,5000,5000,5000,5000,397,321.07,310.6,5000,494.48,5000,5000,5000,387.96,5000,5000,5000,5000,5000,5000
"305",5000,5000,5000,5000,5000,5000,5000,5000,5000,5000,5000,5000,5000,5000,5000,5000,5000,5000,5000,5000,5000,5000,5000,5000,5000,5000,5000,5000,5000,5000,5000,5000,5000,5000,5000,5000,5000,5000,5000
"306",5000,5000,5000,5000,5000,5000,5000,5000,5000,5000,5000,5000,5000,5000,5000,5000,5000,5000,5000,5000,5000,5000,5000,5000,5000,5000,5000,5000,5000,5000,5000,5000,5000,5000,5000,5000,5000,5000,5000
"307",5000,5000,5000,5000,5000,5000,5000,5000,5000,5000,5000,5000,5000,5000,5000,5000,5000,5000,5000,5000,5000,5000,5000,5000,5000,5000,5000,5000,5000,5000,5000,5000,5000,5000,5000,5000,5000,5000,5000
"308",5000,5000,5000,5000,5000,5000,5000,5000,5000,5000,5000,5000,5000,5000,5000,5000,5000,5000,5000,5000,5000,5000,5000,5000,5000,5000,5000,5000,5000,5000,5000,5000,5000,5000,5000,5000,5000,5000,5000
"309",5000,5000,5000,5000,5000,5000,5000,5000,5000,5000,5000,5000,5000,5000,5000,5000,5000,5000,5000,5000,5000,5000,5000,5000,5000,5000,5000,5000,5000,5000,5000,5000,5000,5000,5000,5000,5000,5000,5000
"310",7.15,5000,5000,5000,5000,5000,66.09,5000,5000,5000,5000,5000,5000,5000,5000,5000,5000,5000,5000,5000,5000,5000,5000,5000,66.31,70.46,69.34,5000,66.23,64.65,5000,64.93,69.24,5000,12.99,5000,5000,5000,5000
"311",15.67,5000,5000,5000,5000,5000,117.77,5000,5000,5000,5000,5000,5000,5000,5000,5000,5000,5000,5000,5000,5000,5000,5000,5000,120.59,125.28,125.4,5000,119.51,117.98,5000,117.16,122.57,5000,16.67,5000,5000,5000,5000
"312",139.94,5000,5000,5000,5000,5000,128.96,5000,5000,5000,5000,5000,5000,5000,5000,5000,5000,5000,5000,5000,5000,5000,5000,5000,130.37,130.69,130.8,5000,130.06,127.81,5000,128.37,132.12,5000,16.53,5000,5000,5000,5000
"313",5000,5000,5000,5000,5000,5000,2.99,5000,5000,5000,5000,5000,5000,5000,5000,5000,5000,5000,5000,5000,5000,5000,5000,5000,2.51,63.4,44,5000,325.37,2.44,5000,3.55,14.94,5000,352.26,5000,5000,5000,5000
"314",5000,5000,5000,5000,5000,5000,257.76,5000,5000,5000,5000,5000,5000,5000,5000,5000,5000,5000,5000,5000,5000,5000,5000,5000,2.02,5000,58.09,5000,56.72,3.43,5000,2.79,294.88,5000,5000,5000,5000,5000,5000
"315",204.05,5000,5000,5000,5000,5000,181.46,5000,5000,5000,5000,5000,5000,5000,5000,5000,5000,5000,5000,5000,5000,5000,5000,5000,173.94,171.21,158.78,5000,213.37,211.92,5000,148.8,240.32,5000,350.72,5000,5000,5000,5000
"316",5000,5000,5000,5000,5000,5000,5000,5000,5000,5000,5000,5000,5000,5000,5000,5000,5000,5000,5000,5000,5000,5000,5000,5000,5000,5000,5000,5000,5000,5000,5000,5000,5000,5000,5000,5000,5000,5000,5000
"317",5000,5000,5000,5000,5000,5000,5000,5000,5000,5000,5000,5000,5000,5000,5000,5000,5000,5000,5000,5000,5000,5000,5000,5000,5000,5000,5000,5000,5000,5000,5000,5000,5000,5000,5000,5000,5000,5000,5000
"318",5000,5000,5000,5000,5000,5000,5000,5000,5000,5000,5000,5000,5000,5000,5000,5000,5000,5000,5000,5000,5000,5000,5000,5000,5000,5000,5000,5000,5000,5000,5000,5000,5000,5000,5000,5000,5000,5000,5000
"319",5000,5000,5000,5000,5000,5000,5000,5000,5000,5000,5000,5000,5000,5000,5000,5000,5000,5000,5000,5000,5000,5000,5000,5000,5000,5000,5000,5000,5000,5000,5000,5000,5000,5000,5000,5000,5000,5000,5000
"320",5000,5000,5000,5000,5000,5000,5000,5000,5000,5000,5000,5000,5000,5000,5000,5000,5000,5000,5000,5000,5000,5000,5000,5000,5000,5000,5000,5000,5000,5000,5000,5000,5000,5000,5000,5000,5000,5000,5000
"321",5000,5000,5000,5000,5000,5000,5000,5000,5000,5000,5000,5000,5000,5000,5000,5000,5000,5000,5000,5000,5000,5000,5000,5000,5000,5000,5000,5000,5000,5000,5000,5000,5000,5000,5000,5000,5000,5000,5000
"322",193.7,5000,5000,5000,5000,5000,199.62,5000,5000,5000,5000,5000,5000,5000,5000,5000,5000,5000,5000,5000,5000,5000,5000,5000,201.11,218.82,198.94,5000,187.74,150.54,5000,283.85,205.14,5000,343.53,5000,5000,5000,5000
"323",5000,5000,5000,5000,5000,5000,5000,5000,5000,5000,5000,5000,5000,5000,5000,5000,5000,5000,5000,5000,5000,5000,5000,5000,5000,5000,5000,5000,5000,5000,5000,5000,5000,5000,5000,5000,5000,5000,5000
"324",5000,5000,5000,5000,5000,5000,5000,5000,5000,5000,5000,5000,5000,5000,5000,5000,5000,5000,5000,5000,5000,5000,5000,5000,5000,5000,5000,5000,5000,5000,5000,5000,5000,5000,5000,5000,5000,5000,5000
"325",7.09,5000,5000,5000,5000,5000,19.23,5000,5000,5000,5000,5000,5000,5000,5000,5000,5000,5000,5000,5000,5000,5000,5000,5000,1.74,20.74,11.51,5000,16.24,0.46,5000,0.42,14.89,5000,7.28,5000,5000,5000,5000
"326",267.15,5000,5000,5000,5000,5000,91.8,5000,5000,5000,5000,5000,5000,5000,5000,5000,5000,5000,5000,5000,5000,5000,5000,5000,279.54,267.2,110.61,5000,190.61,168.05,5000,26.94,164.66,5000,5000,5000,5000,5000,5000
"327",5000,5000,5000,5000,5000,5000,5000,5000,5000,5000,5000,5000,5000,5000,5000,5000,5000,5000,5000,5000,5000,5000,5000,5000,5000,5000,5000,5000,5000,5000,5000,5000,5000,5000,5000,5000,5000,5000,5000
"328",5000,5000,5000,5000,5000,5000,5000,5000,5000,5000,5000,5000,5000,5000,5000,5000,5000,5000,5000,5000,5000,5000,5000,5000,5000,5000,5000,5000,5000,5000,5000,5000,5000,5000,5000,5000,5000,5000,5000
"329",5000,5000,5000,5000,5000,5000,5000,5000,5000,5000,5000,5000,5000,5000,5000,5000,5000,5000,5000,5000,5000,5000,5000,5000,5000,5000,5000,5000,5000,5000,5000,5000,5000,5000,5000,5000,5000,5000,5000
"330",5000,5000,5000,5000,5000,5000,5000,5000,5000,5000,5000,5000,5000,5000,5000,5000,5000,5000,5000,5000,5000,5000,5000,5000,5000,5000,5000,5000,5000,5000,5000,5000,5000,5000,5000,5000,5000,5000,5000
"331",5000,5000,5000,5000,5000,5000,5000,5000,5000,5000,5000,5000,5000,5000,5000,5000,5000,5000,5000,5000,5000,5000,5000,5000,5000,5000,5000,5000,5000,5000,5000,5000,5000,5000,5000,5000,5000,5000,5000
"332",5000,5000,5000,5000,5000,5000,208.87,5000,5000,5000,5000,5000,5000,5000,5000,5000,5000,5000,5000,5000,5000,5000,5000,5000,27.68,212.74,384.62,5000,100.68,311.69,5000,359.83,374.53,5000,5000,5000,5000,5000,5000
"333",5000,5000,5000,5000,5000,5000,5000,5000,5000,5000,5000,5000,5000,5000,5000,5000,5000,5000,5000,5000,5000,5000,5000,5000,5000,5000,5000,5000,5000,5000,5000,5000,5000,5000,5000,5000,5000,5000,5000
"334",5000,5000,5000,5000,5000,5000,5000,5000,5000,5000,5000,5000,5000,5000,5000,5000,5000,5000,5000,5000,5000,5000,5000,5000,5000,5000,5000,5000,5000,5000,5000,5000,5000,5000,5000,5000,5000,5000,5000
"335",5000,5000,5000,5000,5000,5000,234.56,5000,5000,5000,5000,5000,5000,5000,5000,5000,5000,5000,5000,5000,5000,5000,5000,5000,213.72,266.47,266.28,5000,231.99,240.75,5000,237.63,257.1,5000,365.83,5000,5000,5000,5000
"336",5000,5000,5000,5000,5000,5000,266.92,5000,5000,5000,5000,5000,5000,5000,5000,5000,5000,5000,5000,5000,5000,5000,5000,5000,219.66,296.38,296.42,5000,231.67,230.86,5000,185.75,296.31,5000,5000,5000,5000,5000,5000
"337",5000,5000,5000,5000,5000,5000,291.58,5000,5000,5000,5000,5000,5000,5000,5000,5000,5000,5000,5000,5000,5000,5000,5000,5000,262.46,327.87,320.02,5000,300.87,309.48,5000,310.3,253.81,5000,5000,5000,5000,5000,5000
"338",5000,5000,5000,5000,5000,5000,148.34,5000,5000,5000,5000,5000,5000,5000,5000,5000,5000,5000,5000,5000,5000,5000,5000,5000,182.22,239.68,239.96,5000,178.27,179.41,5000,155.48,191.32,5000,270.11,5000,5000,5000,5000
"339",5000,5000,5000,5000,5000,5000,169.79,5000,5000,5000,5000,5000,5000,5000,5000,5000,5000,5000,5000,5000,5000,5000,5000,5000,172.24,240.82,240.72,5000,176.87,182.66,5000,168.96,242.85,5000,182.94,5000,5000,5000,5000
"340",5000,5000,5000,5000,5000,5000,322.97,5000,5000,5000,5000,5000,5000,5000,5000,5000,5000,5000,5000,5000,5000,5000,5000,5000,313.01,414.44,415.15,5000,383.91,396.75,5000,388.89,393.17,5000,5000,5000,5000,5000,5000
"341",5000,5000,5000,5000,5000,5000,275.09,5000,5000,5000,5000,5000,5000,5000,5000,5000,5000,5000,5000,5000,5000,5000,5000,5000,293.58,338.08,339.13,5000,265.44,327.09,5000,239.56,277.03,5000,5000,5000,5000,5000,5000
"342",5000,5000,5000,5000,5000,5000,360.72,5000,5000,5000,5000,5000,5000,5000,5000,5000,5000,5000,5000,5000,5000,5000,5000,5000,354.36,476.37,477.19,5000,346.67,328.33,5000,351.6,367.51,5000,5000,5000,5000,5000,5000
"343",5000,5000,5000,5000,5000,5000,290.7,5000,5000,5000,5000,5000,5000,5000,5000,5000,5000,5000,5000,5000,5000,5000,5000,5000,273.02,350.21,346.22,5000,275.77,345.76,5000,285.72,334.78,5000,406.27,5000,5000,5000,5000
"344",5000,5000,5000,5000,5000,5000,405,5000,5000,5000,5000,5000,5000,5000,5000,5000,5000,5000,5000,5000,5000,5000,5000,5000,366.98,464.8,468.65,5000,415.41,420.54,5000,413.04,373.65,5000,5000,5000,5000,5000,5000
"345",5000,5000,5000,5000,5000,5000,324.67,5000,5000,5000,5000,5000,5000,5000,5000,5000,5000,5000,5000,5000,5000,5000,5000,5000,274.68,284.37,285.25,5000,341.12,354.06,5000,278.82,338.82,5000,399.74,5000,5000,5000,5000
"346",5000,5000,5000,5000,5000,5000,358.13,5000,5000,5000,5000,5000,5000,5000,5000,5000,5000,5000,5000,5000,5000,5000,5000,5000,337.98,318.15,315.87,5000,298.57,308.99,5000,254.5,261.42,5000,5000,5000,5000,5000,5000
"347",5000,5000,5000,5000,5000,5000,291.58,5000,5000,5000,5000,5000,5000,5000,5000,5000,5000,5000,5000,5000,5000,5000,5000,5000,262.38,353.67,333.08,5000,298.33,319.77,5000,302.29,295.56,5000,5000,5000,5000,5000,5000
"348",5000,5000,5000,5000,5000,5000,284.88,5000,5000,5000,5000,5000,5000,5000,5000,5000,5000,5000,5000,5000,5000,5000,5000,5000,354.38,308.1,313.17,5000,345.79,378.88,5000,309.38,331.97,5000,5000,5000,5000,5000,5000
"349",5000,5000,5000,5000,5000,5000,320.9,5000,5000,5000,5000,5000,5000,5000,5000,5000,5000,5000,5000,5000,5000,5000,5000,5000,346.88,429.77,428.44,5000,375.17,299.04,5000,367.75,386.53,5000,5000,5000,5000,5000,5000
"350",5000,5000,5000,5000,5000,5000,252.24,5000,5000,5000,5000,5000,5000,5000,5000,5000,5000,5000,5000,5000,5000,5000,5000,5000,303.21,343.5,343.19,5000,371.49,415.28,5000,310.85,328.96,5000,5000,5000,5000,5000,5000
"351",5000,5000,5000,5000,5000,5000,259.74,5000,5000,5000,5000,5000,5000,5000,5000,5000,5000,5000,5000,5000,5000,5000,5000,5000,263,281.32,283.68,5000,304.73,311.19,5000,279.56,305.54,5000,5000,5000,5000,5000,5000
"352",5000,5000,5000,5000,5000,5000,319.51,5000,5000,5000,5000,5000,5000,5000,5000,5000,5000,5000,5000,5000,5000,5000,5000,5000,341.46,372.57,371.55,5000,273.45,364.95,5000,309.67,323.08,5000,415.19,5000,5000,5000,5000
"353",5000,5000,5000,5000,5000,5000,279.81,5000,5000,5000,5000,5000,5000,5000,5000,5000,5000,5000,5000,5000,5000,5000,5000,5000,286.48,334.36,339.61,5000,258.41,295.94,5000,275.96,348.85,5000,5000,5000,5000,5000,5000
"354",5000,5000,5000,5000,5000,5000,366.85,5000,5000,5000,5000,5000,5000,5000,5000,5000,5000,5000,5000,5000,5000,5000,5000,5000,342.65,388.13,390.83,5000,319.71,364.97,5000,255.07,360.14,5000,5000,5000,5000,5000,5000
"355",231.83,5000,5000,5000,5000,5000,5000,5000,5000,5000,5000,5000,5000,5000,5000,5000,5000,5000,5000,5000,5000,5000,5000,5000,5000,5000,5000,5000,5000,5000,5000,5000,5000,5000,5000,5000,5000,5000,5000
"356",5000,5000,5000,5000,5000,5000,5000,5000,5000,5000,5000,5000,5000,5000,5000,5000,5000,5000,5000,5000,5000,5000,5000,5000,5000,5000,5000,5000,5000,5000,5000,5000,113.29,5000,5000,5000,5000,5000,5000
"357",5000,5000,5000,5000,5000,5000,5000,5000,5000,5000,5000,5000,5000,5000,5000,5000,5000,5000,5000,5000,5000,5000,5000,5000,5000,5000,5000,5000,5000,5000,5000,5000,5000,5000,5000,5000,5000,5000,5000
"358",5000,5000,5000,5000,5000,5000,5000,5000,5000,5000,5000,5000,5000,5000,5000,5000,5000,5000,5000,5000,5000,5000,5000,5000,5000,5000,5000,5000,5000,5000,5000,5000,5000,5000,5000,5000,5000,5000,5000
"359",5000,5000,5000,5000,5000,5000,5000,5000,5000,5000,5000,5000,5000,5000,5000,5000,5000,5000,5000,5000,5000,5000,5000,5000,5000,5000,5000,5000,5000,5000,5000,5000,122.29,5000,5000,5000,5000,5000,5000
"360",5000,5000,5000,5000,5000,5000,5000,5000,5000,5000,5000,5000,5000,5000,5000,5000,5000,5000,5000,5000,5000,5000,5000,5000,5000,5000,5000,5000,5000,5000,5000,5000,5000,5000,5000,5000,5000,5000,5000
"361",82.31,5000,5000,5000,5000,5000,5000,5000,5000,5000,5000,5000,5000,5000,5000,5000,5000,5000,5000,5000,5000,5000,5000,5000,5000,5000,454.61,5000,5000,66.35,5000,5000,106,5000,18.71,5000,5000,5000,5000
"362",5000,5000,5000,5000,5000,5000,5000,5000,5000,5000,5000,5000,5000,5000,5000,5000,5000,5000,5000,5000,5000,5000,5000,5000,5000,5000,5000,5000,5000,5000,5000,5000,5000,5000,5000,5000,5000,5000,5000
"363",5000,5000,5000,5000,5000,5000,5000,5000,5000,5000,5000,5000,5000,5000,5000,5000,5000,5000,5000,5000,5000,5000,5000,5000,5000,5000,5000,5000,5000,5000,5000,5000,5000,5000,5000,5000,5000,5000,5000
"364",5000,5000,5000,5000,5000,5000,5000,5000,5000,5000,5000,5000,5000,5000,5000,5000,5000,5000,5000,5000,5000,5000,5000,5000,5000,5000,5000,5000,5000,5000,5000,5000,5000,5000,5000,5000,5000,5000,5000
"365",5000,5000,5000,5000,5000,5000,5000,5000,5000,5000,5000,5000,5000,5000,5000,5000,5000,5000,5000,5000,5000,5000,5000,5000,5000,5000,5000,5000,5000,5000,5000,5000,5000,5000,5000,5000,5000,5000,5000
"366",5000,5000,5000,5000,5000,5000,5000,5000,5000,5000,5000,5000,5000,5000,5000,5000,5000,5000,5000,5000,5000,5000,5000,5000,5000,5000,5000,5000,5000,5000,5000,5000,5000,5000,5000,5000,5000,5000,5000
"367",5000,5000,5000,5000,5000,5000,5000,5000,5000,5000,5000,5000,5000,5000,5000,5000,5000,5000,5000,5000,5000,5000,5000,5000,5000,5000,5000,5000,5000,5000,5000,5000,5000,5000,5000,5000,5000,5000,5000
"368",5000,5000,5000,5000,5000,5000,5000,5000,5000,5000,5000,5000,5000,5000,5000,5000,5000,5000,5000,5000,5000,5000,5000,5000,5000,5000,5000,5000,5000,433.37,5000,5000,5000,5000,338.43,5000,5000,5000,5000
"369",5000,5000,5000,5000,5000,5000,5000,5000,5000,5000,5000,5000,5000,5000,5000,5000,5000,5000,5000,5000,5000,5000,5000,5000,5000,5000,5000,5000,5000,5000,5000,5000,5000,5000,5000,5000,5000,5000,5000
"370",5000,5000,5000,5000,5000,5000,5000,5000,5000,5000,5000,5000,5000,5000,5000,5000,5000,5000,5000,5000,5000,5000,5000,5000,5000,5000,5000,5000,5000,5000,5000,5000,5000,5000,5000,5000,5000,5000,5000
"371",5000,5000,5000,5000,5000,5000,5000,5000,5000,5000,5000,5000,5000,5000,5000,5000,5000,5000,5000,5000,5000,5000,5000,5000,5000,5000,5000,5000,5000,5000,5000,5000,5000,5000,5000,5000,5000,5000,5000
"372",5000,5000,5000,5000,5000,5000,5000,5000,5000,5000,5000,5000,5000,5000,5000,5000,5000,5000,5000,5000,5000,5000,5000,5000,5000,5000,5000,5000,5000,5000,5000,5000,5000,5000,5000,5000,5000,5000,5000
"373",5000,5000,5000,5000,5000,5000,5000,5000,5000,5000,5000,5000,5000,5000,5000,5000,5000,5000,5000,5000,5000,5000,5000,5000,5000,5000,5000,5000,5000,5000,5000,5000,5000,5000,5000,5000,5000,5000,5000
"374",5000,5000,5000,5000,5000,5000,5000,5000,5000,5000,5000,5000,5000,5000,5000,5000,5000,5000,5000,5000,5000,5000,5000,5000,278.77,5000,5000,5000,281.09,5000,5000,5000,298.31,5000,80.24,5000,5000,5000,5000
"375",5000,5000,5000,5000,5000,5000,5000,5000,5000,5000,5000,5000,5000,5000,5000,5000,5000,5000,5000,5000,5000,5000,5000,5000,298.51,5000,5000,5000,295.5,5000,5000,5000,294.06,5000,263.13,5000,5000,5000,5000
"376",5000,5000,5000,5000,5000,5000,5000,5000,5000,5000,5000,5000,5000,5000,5000,5000,5000,5000,5000,5000,5000,5000,5000,5000,316.17,5000,5000,5000,313.27,5000,5000,5000,316.27,5000,227.61,5000,5000,5000,5000
"377",5000,5000,5000,5000,5000,5000,5000,5000,5000,5000,5000,5000,5000,5000,5000,5000,5000,5000,5000,5000,5000,5000,5000,5000,394.44,5000,5000,5000,368.3,5000,5000,5000,375.77,5000,5000,5000,5000,5000,5000
"378",5000,5000,5000,5000,5000,5000,5000,5000,5000,5000,5000,5000,5000,5000,5000,5000,5000,5000,5000,5000,5000,5000,5000,5000,431.56,5000,5000,5000,430.69,5000,5000,5000,412.82,5000,5000,5000,5000,5000,5000
"379",5000,5000,5000,5000,5000,5000,5000,5000,5000,5000,5000,5000,5000,5000,5000,5000,5000,5000,5000,5000,5000,5000,5000,5000,421.95,5000,5000,5000,442.43,5000,5000,5000,428.27,5000,5000,5000,5000,5000,5000
"380",5000,5000,5000,5000,5000,5000,5000,5000,5000,5000,5000,5000,5000,5000,5000,5000,5000,5000,5000,5000,5000,5000,5000,5000,426.04,5000,5000,5000,427.97,5000,5000,5000,424.14,5000,5000,5000,5000,5000,5000
